	Absolute way	Class	Num_class	Image_width	Image_hight	Number_of_chanel	Number_of_pixels
0	/Users/margogusarova/PycharmProjects/python2.1/dataset/tiger/0001.jpg	tiger	0	319	480	3	459360
1	/Users/margogusarova/PycharmProjects/python2.1/dataset/tiger/0002.jpg	tiger	0	320	480	3	460800
2	/Users/margogusarova/PycharmProjects/python2.1/dataset/tiger/0003.jpg	tiger	0	300	480	3	432000
3	/Users/margogusarova/PycharmProjects/python2.1/dataset/tiger/0004.jpg	tiger	0	270	480	3	388800
4	/Users/margogusarova/PycharmProjects/python2.1/dataset/tiger/0005.jpg	tiger	0	300	480	3	432000
5	/Users/margogusarova/PycharmProjects/python2.1/dataset/tiger/0006.jpg	tiger	0	319	480	3	459360
6	/Users/margogusarova/PycharmProjects/python2.1/dataset/tiger/0007.jpg	tiger	0	318	480	3	457920
7	/Users/margogusarova/PycharmProjects/python2.1/dataset/tiger/0008.jpg	tiger	0	320	480	3	460800
8	/Users/margogusarova/PycharmProjects/python2.1/dataset/tiger/0009.jpg	tiger	0	270	480	3	388800
9	/Users/margogusarova/PycharmProjects/python2.1/dataset/tiger/0010.jpg	tiger	0	320	427	3	409920
10	/Users/margogusarova/PycharmProjects/python2.1/dataset/tiger/0011.jpg	tiger	0	320	480	3	460800
11	/Users/margogusarova/PycharmProjects/python2.1/dataset/tiger/0012.jpg	tiger	0	320	480	3	460800
12	/Users/margogusarova/PycharmProjects/python2.1/dataset/tiger/0013.jpg	tiger	0	270	480	3	388800
13	/Users/margogusarova/PycharmProjects/python2.1/dataset/tiger/0014.jpg	tiger	0	320	480	3	460800
14	/Users/margogusarova/PycharmProjects/python2.1/dataset/tiger/0015.jpg	tiger	0	320	480	3	460800
15	/Users/margogusarova/PycharmProjects/python2.1/dataset/tiger/0016.jpg	tiger	0	300	480	3	432000
16	/Users/margogusarova/PycharmProjects/python2.1/dataset/tiger/0017.jpg	tiger	0	319	480	3	459360
17	/Users/margogusarova/PycharmProjects/python2.1/dataset/tiger/0018.jpg	tiger	0	320	480	3	460800
18	/Users/margogusarova/PycharmProjects/python2.1/dataset/tiger/0019.jpg	tiger	0	320	480	3	460800
19	/Users/margogusarova/PycharmProjects/python2.1/dataset/tiger/0020.jpg	tiger	0	320	480	3	460800
20	/Users/margogusarova/PycharmProjects/python2.1/dataset/tiger/0021.jpg	tiger	0	320	480	3	460800
21	/Users/margogusarova/PycharmProjects/python2.1/dataset/tiger/0022.jpg	tiger	0	320	427	3	409920
22	/Users/margogusarova/PycharmProjects/python2.1/dataset/tiger/0023.jpg	tiger	0	320	427	3	409920
23	/Users/margogusarova/PycharmProjects/python2.1/dataset/tiger/0024.jpg	tiger	0	320	480	3	460800
24	/Users/margogusarova/PycharmProjects/python2.1/dataset/tiger/0025.jpg	tiger	0	320	480	3	460800
25	/Users/margogusarova/PycharmProjects/python2.1/dataset/tiger/0026.jpg	tiger	0	320	480	3	460800
26	/Users/margogusarova/PycharmProjects/python2.1/dataset/tiger/0027.jpg	tiger	0	320	480	3	460800
27	/Users/margogusarova/PycharmProjects/python2.1/dataset/tiger/0028.jpg	tiger	0	300	480	3	432000
28	/Users/margogusarova/PycharmProjects/python2.1/dataset/tiger/0029.jpg	tiger	0	320	480	3	460800
29	/Users/margogusarova/PycharmProjects/python2.1/dataset/tiger/0030.jpg	tiger	0	270	480	3	388800
30	/Users/margogusarova/PycharmProjects/python2.1/dataset/tiger/0031.jpg	tiger	0	200	400	3	240000
31	/Users/margogusarova/PycharmProjects/python2.1/dataset/tiger/0032.jpg	tiger	0	200	400	3	240000
32	/Users/margogusarova/PycharmProjects/python2.1/dataset/tiger/0033.jpg	tiger	0	200	400	3	240000
33	/Users/margogusarova/PycharmProjects/python2.1/dataset/tiger/0034.jpg	tiger	0	200	400	3	240000
34	/Users/margogusarova/PycharmProjects/python2.1/dataset/tiger/0035.jpg	tiger	0	200	400	3	240000
35	/Users/margogusarova/PycharmProjects/python2.1/dataset/tiger/0036.jpg	tiger	0	200	400	3	240000
36	/Users/margogusarova/PycharmProjects/python2.1/dataset/tiger/0037.jpg	tiger	0	320	427	3	409920
37	/Users/margogusarova/PycharmProjects/python2.1/dataset/tiger/0038.jpg	tiger	0	320	439	3	421440
38	/Users/margogusarova/PycharmProjects/python2.1/dataset/tiger/0039.jpg	tiger	0	200	400	3	240000
39	/Users/margogusarova/PycharmProjects/python2.1/dataset/tiger/0040.jpg	tiger	0	200	400	3	240000
40	/Users/margogusarova/PycharmProjects/python2.1/dataset/tiger/0041.jpg	tiger	0	200	400	3	240000
41	/Users/margogusarova/PycharmProjects/python2.1/dataset/tiger/0042.jpg	tiger	0	200	400	3	240000
42	/Users/margogusarova/PycharmProjects/python2.1/dataset/tiger/0043.jpg	tiger	0	320	256	3	245760
43	/Users/margogusarova/PycharmProjects/python2.1/dataset/tiger/0044.jpg	tiger	0	320	480	3	460800
44	/Users/margogusarova/PycharmProjects/python2.1/dataset/tiger/0045.jpg	tiger	0	320	480	3	460800
45	/Users/margogusarova/PycharmProjects/python2.1/dataset/tiger/0046.jpg	tiger	0	300	480	3	432000
46	/Users/margogusarova/PycharmProjects/python2.1/dataset/tiger/0047.jpg	tiger	0	320	427	3	409920
47	/Users/margogusarova/PycharmProjects/python2.1/dataset/tiger/0048.jpg	tiger	0	300	480	3	432000
48	/Users/margogusarova/PycharmProjects/python2.1/dataset/tiger/0049.jpg	tiger	0	320	480	3	460800
49	/Users/margogusarova/PycharmProjects/python2.1/dataset/tiger/0050.jpg	tiger	0	300	480	3	432000
50	/Users/margogusarova/PycharmProjects/python2.1/dataset/tiger/0051.jpg	tiger	0	300	480	3	432000
51	/Users/margogusarova/PycharmProjects/python2.1/dataset/tiger/0052.jpg	tiger	0	320	480	3	460800
52	/Users/margogusarova/PycharmProjects/python2.1/dataset/tiger/0053.jpg	tiger	0	320	479	3	459840
53	/Users/margogusarova/PycharmProjects/python2.1/dataset/tiger/0054.jpg	tiger	0	320	480	3	460800
54	/Users/margogusarova/PycharmProjects/python2.1/dataset/tiger/0055.jpg	tiger	0	300	480	3	432000
55	/Users/margogusarova/PycharmProjects/python2.1/dataset/tiger/0056.jpg	tiger	0	320	450	3	432000
56	/Users/margogusarova/PycharmProjects/python2.1/dataset/tiger/0057.jpg	tiger	0	320	480	3	460800
57	/Users/margogusarova/PycharmProjects/python2.1/dataset/tiger/0058.jpg	tiger	0	320	480	3	460800
58	/Users/margogusarova/PycharmProjects/python2.1/dataset/tiger/0059.jpg	tiger	0	300	480	3	432000
59	/Users/margogusarova/PycharmProjects/python2.1/dataset/tiger/0060.jpg	tiger	0	270	480	3	388800
60	/Users/margogusarova/PycharmProjects/python2.1/dataset/tiger/0061.jpg	tiger	0	320	480	3	460800
61	/Users/margogusarova/PycharmProjects/python2.1/dataset/tiger/0062.jpg	tiger	0	320	427	3	409920
62	/Users/margogusarova/PycharmProjects/python2.1/dataset/tiger/0063.jpg	tiger	0	320	480	3	460800
63	/Users/margogusarova/PycharmProjects/python2.1/dataset/tiger/0064.jpg	tiger	0	312	480	3	449280
64	/Users/margogusarova/PycharmProjects/python2.1/dataset/tiger/0065.jpg	tiger	0	320	237	3	227520
65	/Users/margogusarova/PycharmProjects/python2.1/dataset/tiger/0066.jpg	tiger	0	270	480	3	388800
66	/Users/margogusarova/PycharmProjects/python2.1/dataset/tiger/0067.jpg	tiger	0	300	480	3	432000
67	/Users/margogusarova/PycharmProjects/python2.1/dataset/tiger/0068.jpg	tiger	0	320	427	3	409920
68	/Users/margogusarova/PycharmProjects/python2.1/dataset/tiger/0069.jpg	tiger	0	320	427	3	409920
69	/Users/margogusarova/PycharmProjects/python2.1/dataset/tiger/0070.jpg	tiger	0	320	342	3	328320
70	/Users/margogusarova/PycharmProjects/python2.1/dataset/tiger/0071.jpg	tiger	0	300	480	3	432000
71	/Users/margogusarova/PycharmProjects/python2.1/dataset/tiger/0072.jpg	tiger	0	320	448	3	430080
72	/Users/margogusarova/PycharmProjects/python2.1/dataset/tiger/0073.jpg	tiger	0	200	400	3	240000
73	/Users/margogusarova/PycharmProjects/python2.1/dataset/tiger/0074.jpg	tiger	0	200	400	3	240000
74	/Users/margogusarova/PycharmProjects/python2.1/dataset/tiger/0075.jpg	tiger	0	200	400	3	240000
75	/Users/margogusarova/PycharmProjects/python2.1/dataset/tiger/0076.jpg	tiger	0	200	400	3	240000
76	/Users/margogusarova/PycharmProjects/python2.1/dataset/tiger/0077.jpg	tiger	0	200	400	3	240000
77	/Users/margogusarova/PycharmProjects/python2.1/dataset/tiger/0078.jpg	tiger	0	200	400	3	240000
78	/Users/margogusarova/PycharmProjects/python2.1/dataset/tiger/0079.jpg	tiger	0	200	400	3	240000
79	/Users/margogusarova/PycharmProjects/python2.1/dataset/tiger/0080.jpg	tiger	0	200	400	3	240000
80	/Users/margogusarova/PycharmProjects/python2.1/dataset/tiger/0081.jpg	tiger	0	200	400	3	240000
81	/Users/margogusarova/PycharmProjects/python2.1/dataset/tiger/0082.jpg	tiger	0	200	400	3	240000
82	/Users/margogusarova/PycharmProjects/python2.1/dataset/tiger/0083.jpg	tiger	0	200	400	3	240000
83	/Users/margogusarova/PycharmProjects/python2.1/dataset/tiger/0084.jpg	tiger	0	200	400	3	240000
84	/Users/margogusarova/PycharmProjects/python2.1/dataset/tiger/0085.jpg	tiger	0	320	480	3	460800
85	/Users/margogusarova/PycharmProjects/python2.1/dataset/tiger/0086.jpg	tiger	0	320	480	3	460800
86	/Users/margogusarova/PycharmProjects/python2.1/dataset/tiger/0087.jpg	tiger	0	300	480	3	432000
87	/Users/margogusarova/PycharmProjects/python2.1/dataset/tiger/0088.jpg	tiger	0	300	480	3	432000
88	/Users/margogusarova/PycharmProjects/python2.1/dataset/tiger/0089.jpg	tiger	0	320	427	3	409920
89	/Users/margogusarova/PycharmProjects/python2.1/dataset/tiger/0090.jpg	tiger	0	313	480	3	450720
90	/Users/margogusarova/PycharmProjects/python2.1/dataset/tiger/0091.jpg	tiger	0	320	427	3	409920
91	/Users/margogusarova/PycharmProjects/python2.1/dataset/tiger/0092.jpg	tiger	0	320	480	3	460800
92	/Users/margogusarova/PycharmProjects/python2.1/dataset/tiger/0093.jpg	tiger	0	319	480	3	459360
93	/Users/margogusarova/PycharmProjects/python2.1/dataset/tiger/0094.jpg	tiger	0	320	476	3	456960
94	/Users/margogusarova/PycharmProjects/python2.1/dataset/tiger/0095.jpg	tiger	0	320	214	3	205440
95	/Users/margogusarova/PycharmProjects/python2.1/dataset/tiger/0096.jpg	tiger	0	319	480	3	459360
96	/Users/margogusarova/PycharmProjects/python2.1/dataset/tiger/0097.jpg	tiger	0	320	480	3	460800
97	/Users/margogusarova/PycharmProjects/python2.1/dataset/tiger/0098.jpg	tiger	0	320	400	3	384000
98	/Users/margogusarova/PycharmProjects/python2.1/dataset/tiger/0099.jpg	tiger	0	311	480	3	447840
99	/Users/margogusarova/PycharmProjects/python2.1/dataset/tiger/0100.jpg	tiger	0	320	480	3	460800
100	/Users/margogusarova/PycharmProjects/python2.1/dataset/tiger/0101.jpg	tiger	0	320	480	3	460800
101	/Users/margogusarova/PycharmProjects/python2.1/dataset/tiger/0102.jpg	tiger	0	320	427	3	409920
102	/Users/margogusarova/PycharmProjects/python2.1/dataset/tiger/0103.jpg	tiger	0	320	414	3	397440
103	/Users/margogusarova/PycharmProjects/python2.1/dataset/tiger/0104.jpg	tiger	0	320	480	3	460800
104	/Users/margogusarova/PycharmProjects/python2.1/dataset/tiger/0105.jpg	tiger	0	320	458	3	439680
105	/Users/margogusarova/PycharmProjects/python2.1/dataset/tiger/0106.jpg	tiger	0	300	480	3	432000
106	/Users/margogusarova/PycharmProjects/python2.1/dataset/tiger/0107.jpg	tiger	0	320	320	3	307200
107	/Users/margogusarova/PycharmProjects/python2.1/dataset/tiger/0108.jpg	tiger	0	300	480	3	432000
108	/Users/margogusarova/PycharmProjects/python2.1/dataset/tiger/0109.jpg	tiger	0	320	430	3	412800
109	/Users/margogusarova/PycharmProjects/python2.1/dataset/tiger/0110.jpg	tiger	0	300	480	3	432000
110	/Users/margogusarova/PycharmProjects/python2.1/dataset/tiger/0111.jpg	tiger	0	319	480	3	459360
111	/Users/margogusarova/PycharmProjects/python2.1/dataset/tiger/0112.jpg	tiger	0	320	480	3	460800
112	/Users/margogusarova/PycharmProjects/python2.1/dataset/tiger/0113.jpg	tiger	0	320	480	3	460800
113	/Users/margogusarova/PycharmProjects/python2.1/dataset/tiger/0114.jpg	tiger	0	320	479	3	459840
114	/Users/margogusarova/PycharmProjects/python2.1/dataset/tiger/0115.jpg	tiger	0	200	400	3	240000
115	/Users/margogusarova/PycharmProjects/python2.1/dataset/tiger/0116.jpg	tiger	0	200	400	3	240000
116	/Users/margogusarova/PycharmProjects/python2.1/dataset/tiger/0117.jpg	tiger	0	200	400	3	240000
117	/Users/margogusarova/PycharmProjects/python2.1/dataset/tiger/0118.jpg	tiger	0	200	400	3	240000
118	/Users/margogusarova/PycharmProjects/python2.1/dataset/tiger/0119.jpg	tiger	0	200	400	3	240000
119	/Users/margogusarova/PycharmProjects/python2.1/dataset/tiger/0120.jpg	tiger	0	200	400	3	240000
120	/Users/margogusarova/PycharmProjects/python2.1/dataset/tiger/0121.jpg	tiger	0	200	400	3	240000
121	/Users/margogusarova/PycharmProjects/python2.1/dataset/tiger/0122.jpg	tiger	0	200	400	3	240000
122	/Users/margogusarova/PycharmProjects/python2.1/dataset/tiger/0123.jpg	tiger	0	200	400	3	240000
123	/Users/margogusarova/PycharmProjects/python2.1/dataset/tiger/0124.jpg	tiger	0	200	400	3	240000
124	/Users/margogusarova/PycharmProjects/python2.1/dataset/tiger/0125.jpg	tiger	0	200	400	3	240000
125	/Users/margogusarova/PycharmProjects/python2.1/dataset/tiger/0126.jpg	tiger	0	200	400	3	240000
126	/Users/margogusarova/PycharmProjects/python2.1/dataset/tiger/0127.jpg	tiger	0	270	480	3	388800
127	/Users/margogusarova/PycharmProjects/python2.1/dataset/tiger/0128.jpg	tiger	0	300	480	3	432000
128	/Users/margogusarova/PycharmProjects/python2.1/dataset/tiger/0129.jpg	tiger	0	270	480	3	388800
129	/Users/margogusarova/PycharmProjects/python2.1/dataset/tiger/0130.jpg	tiger	0	320	439	3	421440
130	/Users/margogusarova/PycharmProjects/python2.1/dataset/tiger/0131.jpg	tiger	0	320	473	3	454080
131	/Users/margogusarova/PycharmProjects/python2.1/dataset/tiger/0132.jpg	tiger	0	270	480	3	388800
132	/Users/margogusarova/PycharmProjects/python2.1/dataset/tiger/0133.jpg	tiger	0	313	480	3	450720
133	/Users/margogusarova/PycharmProjects/python2.1/dataset/tiger/0134.jpg	tiger	0	320	480	3	460800
134	/Users/margogusarova/PycharmProjects/python2.1/dataset/tiger/0135.jpg	tiger	0	320	411	3	394560
135	/Users/margogusarova/PycharmProjects/python2.1/dataset/tiger/0136.jpg	tiger	0	320	480	3	460800
136	/Users/margogusarova/PycharmProjects/python2.1/dataset/tiger/0137.jpg	tiger	0	320	257	3	246720
137	/Users/margogusarova/PycharmProjects/python2.1/dataset/tiger/0138.jpg	tiger	0	300	480	3	432000
138	/Users/margogusarova/PycharmProjects/python2.1/dataset/tiger/0139.jpg	tiger	0	300	480	3	432000
139	/Users/margogusarova/PycharmProjects/python2.1/dataset/tiger/0140.jpg	tiger	0	300	480	3	432000
140	/Users/margogusarova/PycharmProjects/python2.1/dataset/tiger/0141.jpg	tiger	0	300	480	3	432000
141	/Users/margogusarova/PycharmProjects/python2.1/dataset/tiger/0142.jpg	tiger	0	300	480	3	432000
142	/Users/margogusarova/PycharmProjects/python2.1/dataset/tiger/0143.jpg	tiger	0	320	480	3	460800
143	/Users/margogusarova/PycharmProjects/python2.1/dataset/tiger/0144.jpg	tiger	0	270	480	3	388800
144	/Users/margogusarova/PycharmProjects/python2.1/dataset/tiger/0145.jpg	tiger	0	319	480	3	459360
145	/Users/margogusarova/PycharmProjects/python2.1/dataset/tiger/0146.jpg	tiger	0	320	472	3	453120
146	/Users/margogusarova/PycharmProjects/python2.1/dataset/tiger/0147.jpg	tiger	0	319	480	3	459360
147	/Users/margogusarova/PycharmProjects/python2.1/dataset/tiger/0148.jpg	tiger	0	320	480	3	460800
148	/Users/margogusarova/PycharmProjects/python2.1/dataset/tiger/0149.jpg	tiger	0	320	480	3	460800
149	/Users/margogusarova/PycharmProjects/python2.1/dataset/tiger/0150.jpg	tiger	0	320	480	3	460800
150	/Users/margogusarova/PycharmProjects/python2.1/dataset/tiger/0151.jpg	tiger	0	270	480	3	388800
151	/Users/margogusarova/PycharmProjects/python2.1/dataset/tiger/0152.jpg	tiger	0	320	472	3	453120
152	/Users/margogusarova/PycharmProjects/python2.1/dataset/tiger/0153.jpg	tiger	0	320	468	3	449280
153	/Users/margogusarova/PycharmProjects/python2.1/dataset/tiger/0154.jpg	tiger	0	320	436	3	418560
154	/Users/margogusarova/PycharmProjects/python2.1/dataset/tiger/0155.jpg	tiger	0	320	427	3	409920
155	/Users/margogusarova/PycharmProjects/python2.1/dataset/tiger/0156.jpg	tiger	0	270	480	3	388800
156	/Users/margogusarova/PycharmProjects/python2.1/dataset/tiger/0157.jpg	tiger	0	200	400	3	240000
157	/Users/margogusarova/PycharmProjects/python2.1/dataset/tiger/0158.jpg	tiger	0	200	400	3	240000
158	/Users/margogusarova/PycharmProjects/python2.1/dataset/tiger/0159.jpg	tiger	0	200	400	3	240000
159	/Users/margogusarova/PycharmProjects/python2.1/dataset/tiger/0160.jpg	tiger	0	200	400	3	240000
160	/Users/margogusarova/PycharmProjects/python2.1/dataset/tiger/0161.jpg	tiger	0	200	400	3	240000
161	/Users/margogusarova/PycharmProjects/python2.1/dataset/tiger/0162.jpg	tiger	0	200	400	3	240000
162	/Users/margogusarova/PycharmProjects/python2.1/dataset/tiger/0163.jpg	tiger	0	200	400	3	240000
163	/Users/margogusarova/PycharmProjects/python2.1/dataset/tiger/0164.jpg	tiger	0	200	400	3	240000
164	/Users/margogusarova/PycharmProjects/python2.1/dataset/tiger/0165.jpg	tiger	0	200	400	3	240000
165	/Users/margogusarova/PycharmProjects/python2.1/dataset/tiger/0166.jpg	tiger	0	200	400	3	240000
166	/Users/margogusarova/PycharmProjects/python2.1/dataset/tiger/0167.jpg	tiger	0	200	400	3	240000
167	/Users/margogusarova/PycharmProjects/python2.1/dataset/tiger/0168.jpg	tiger	0	200	400	3	240000
168	/Users/margogusarova/PycharmProjects/python2.1/dataset/tiger/0169.jpg	tiger	0	320	476	3	456960
169	/Users/margogusarova/PycharmProjects/python2.1/dataset/tiger/0170.jpg	tiger	0	320	427	3	409920
170	/Users/margogusarova/PycharmProjects/python2.1/dataset/tiger/0171.jpg	tiger	0	320	427	3	409920
171	/Users/margogusarova/PycharmProjects/python2.1/dataset/tiger/0172.jpg	tiger	0	270	480	3	388800
172	/Users/margogusarova/PycharmProjects/python2.1/dataset/tiger/0173.jpg	tiger	0	300	480	3	432000
173	/Users/margogusarova/PycharmProjects/python2.1/dataset/tiger/0174.jpg	tiger	0	300	480	3	432000
174	/Users/margogusarova/PycharmProjects/python2.1/dataset/tiger/0175.jpg	tiger	0	300	480	3	432000
175	/Users/margogusarova/PycharmProjects/python2.1/dataset/tiger/0176.jpg	tiger	0	300	480	3	432000
176	/Users/margogusarova/PycharmProjects/python2.1/dataset/tiger/0177.jpg	tiger	0	320	400	3	384000
177	/Users/margogusarova/PycharmProjects/python2.1/dataset/tiger/0178.jpg	tiger	0	300	480	3	432000
178	/Users/margogusarova/PycharmProjects/python2.1/dataset/tiger/0179.jpg	tiger	0	320	427	3	409920
179	/Users/margogusarova/PycharmProjects/python2.1/dataset/tiger/0180.jpg	tiger	0	320	427	3	409920
180	/Users/margogusarova/PycharmProjects/python2.1/dataset/tiger/0181.jpg	tiger	0	270	480	3	388800
181	/Users/margogusarova/PycharmProjects/python2.1/dataset/tiger/0182.jpg	tiger	0	300	480	3	432000
182	/Users/margogusarova/PycharmProjects/python2.1/dataset/tiger/0183.jpg	tiger	0	320	480	3	460800
183	/Users/margogusarova/PycharmProjects/python2.1/dataset/tiger/0184.jpg	tiger	0	314	480	3	452160
184	/Users/margogusarova/PycharmProjects/python2.1/dataset/tiger/0185.jpg	tiger	0	300	480	3	432000
185	/Users/margogusarova/PycharmProjects/python2.1/dataset/tiger/0186.jpg	tiger	0	320	480	3	460800
186	/Users/margogusarova/PycharmProjects/python2.1/dataset/tiger/0187.jpg	tiger	0	270	480	3	388800
187	/Users/margogusarova/PycharmProjects/python2.1/dataset/tiger/0188.jpg	tiger	0	320	471	3	452160
188	/Users/margogusarova/PycharmProjects/python2.1/dataset/tiger/0189.jpg	tiger	0	270	480	3	388800
189	/Users/margogusarova/PycharmProjects/python2.1/dataset/tiger/0190.jpg	tiger	0	320	253	3	242880
190	/Users/margogusarova/PycharmProjects/python2.1/dataset/tiger/0191.jpg	tiger	0	320	480	3	460800
191	/Users/margogusarova/PycharmProjects/python2.1/dataset/tiger/0192.jpg	tiger	0	320	418	3	401280
192	/Users/margogusarova/PycharmProjects/python2.1/dataset/tiger/0193.jpg	tiger	0	320	456	3	437760
193	/Users/margogusarova/PycharmProjects/python2.1/dataset/tiger/0194.jpg	tiger	0	300	480	3	432000
194	/Users/margogusarova/PycharmProjects/python2.1/dataset/tiger/0195.jpg	tiger	0	270	480	3	388800
195	/Users/margogusarova/PycharmProjects/python2.1/dataset/tiger/0196.jpg	tiger	0	300	480	3	432000
196	/Users/margogusarova/PycharmProjects/python2.1/dataset/tiger/0197.jpg	tiger	0	320	478	3	458880
197	/Users/margogusarova/PycharmProjects/python2.1/dataset/tiger/0198.jpg	tiger	0	300	480	3	432000
198	/Users/margogusarova/PycharmProjects/python2.1/dataset/tiger/0199.jpg	tiger	0	200	400	3	240000
199	/Users/margogusarova/PycharmProjects/python2.1/dataset/tiger/0200.jpg	tiger	0	200	400	3	240000
200	/Users/margogusarova/PycharmProjects/python2.1/dataset/tiger/0201.jpg	tiger	0	200	400	3	240000
201	/Users/margogusarova/PycharmProjects/python2.1/dataset/tiger/0202.jpg	tiger	0	200	400	3	240000
202	/Users/margogusarova/PycharmProjects/python2.1/dataset/tiger/0203.jpg	tiger	0	200	400	3	240000
203	/Users/margogusarova/PycharmProjects/python2.1/dataset/tiger/0204.jpg	tiger	0	200	400	3	240000
204	/Users/margogusarova/PycharmProjects/python2.1/dataset/tiger/0205.jpg	tiger	0	200	400	3	240000
205	/Users/margogusarova/PycharmProjects/python2.1/dataset/tiger/0206.jpg	tiger	0	200	400	3	240000
206	/Users/margogusarova/PycharmProjects/python2.1/dataset/tiger/0207.jpg	tiger	0	200	400	3	240000
207	/Users/margogusarova/PycharmProjects/python2.1/dataset/tiger/0208.jpg	tiger	0	200	400	3	240000
208	/Users/margogusarova/PycharmProjects/python2.1/dataset/tiger/0209.jpg	tiger	0	200	400	3	240000
209	/Users/margogusarova/PycharmProjects/python2.1/dataset/tiger/0210.jpg	tiger	0	200	400	3	240000
210	/Users/margogusarova/PycharmProjects/python2.1/dataset/tiger/0211.jpg	tiger	0	320	427	3	409920
211	/Users/margogusarova/PycharmProjects/python2.1/dataset/tiger/0212.jpg	tiger	0	319	480	3	459360
212	/Users/margogusarova/PycharmProjects/python2.1/dataset/tiger/0213.jpg	tiger	0	320	480	3	460800
213	/Users/margogusarova/PycharmProjects/python2.1/dataset/tiger/0214.jpg	tiger	0	300	480	3	432000
214	/Users/margogusarova/PycharmProjects/python2.1/dataset/tiger/0215.jpg	tiger	0	320	480	3	460800
215	/Users/margogusarova/PycharmProjects/python2.1/dataset/tiger/0216.jpg	tiger	0	320	479	3	459840
216	/Users/margogusarova/PycharmProjects/python2.1/dataset/tiger/0217.jpg	tiger	0	320	478	3	458880
217	/Users/margogusarova/PycharmProjects/python2.1/dataset/tiger/0218.jpg	tiger	0	320	480	3	460800
218	/Users/margogusarova/PycharmProjects/python2.1/dataset/tiger/0219.jpg	tiger	0	300	480	3	432000
219	/Users/margogusarova/PycharmProjects/python2.1/dataset/tiger/0220.jpg	tiger	0	300	480	3	432000
220	/Users/margogusarova/PycharmProjects/python2.1/dataset/tiger/0221.jpg	tiger	0	300	480	3	432000
221	/Users/margogusarova/PycharmProjects/python2.1/dataset/tiger/0222.jpg	tiger	0	320	480	3	460800
222	/Users/margogusarova/PycharmProjects/python2.1/dataset/tiger/0223.jpg	tiger	0	320	424	3	407040
223	/Users/margogusarova/PycharmProjects/python2.1/dataset/tiger/0224.jpg	tiger	0	320	402	3	385920
224	/Users/margogusarova/PycharmProjects/python2.1/dataset/tiger/0225.jpg	tiger	0	320	480	3	460800
225	/Users/margogusarova/PycharmProjects/python2.1/dataset/tiger/0226.jpg	tiger	0	301	480	3	433440
226	/Users/margogusarova/PycharmProjects/python2.1/dataset/tiger/0227.jpg	tiger	0	320	480	3	460800
227	/Users/margogusarova/PycharmProjects/python2.1/dataset/tiger/0228.jpg	tiger	0	320	479	3	459840
228	/Users/margogusarova/PycharmProjects/python2.1/dataset/tiger/0229.jpg	tiger	0	320	427	3	409920
229	/Users/margogusarova/PycharmProjects/python2.1/dataset/tiger/0230.jpg	tiger	0	320	479	3	459840
230	/Users/margogusarova/PycharmProjects/python2.1/dataset/tiger/0231.jpg	tiger	0	308	480	3	443520
231	/Users/margogusarova/PycharmProjects/python2.1/dataset/tiger/0232.jpg	tiger	0	320	480	3	460800
232	/Users/margogusarova/PycharmProjects/python2.1/dataset/tiger/0233.jpg	tiger	0	319	480	3	459360
233	/Users/margogusarova/PycharmProjects/python2.1/dataset/tiger/0234.jpg	tiger	0	320	480	3	460800
234	/Users/margogusarova/PycharmProjects/python2.1/dataset/tiger/0235.jpg	tiger	0	320	442	3	424320
235	/Users/margogusarova/PycharmProjects/python2.1/dataset/tiger/0236.jpg	tiger	0	270	480	3	388800
236	/Users/margogusarova/PycharmProjects/python2.1/dataset/tiger/0237.jpg	tiger	0	300	480	3	432000
237	/Users/margogusarova/PycharmProjects/python2.1/dataset/tiger/0238.jpg	tiger	0	320	427	3	409920
238	/Users/margogusarova/PycharmProjects/python2.1/dataset/tiger/0239.jpg	tiger	0	300	480	3	432000
239	/Users/margogusarova/PycharmProjects/python2.1/dataset/tiger/0240.jpg	tiger	0	320	480	3	460800
240	/Users/margogusarova/PycharmProjects/python2.1/dataset/tiger/0241.jpg	tiger	0	200	400	3	240000
241	/Users/margogusarova/PycharmProjects/python2.1/dataset/tiger/0242.jpg	tiger	0	200	400	3	240000
242	/Users/margogusarova/PycharmProjects/python2.1/dataset/tiger/0243.jpg	tiger	0	200	400	3	240000
243	/Users/margogusarova/PycharmProjects/python2.1/dataset/tiger/0244.jpg	tiger	0	200	400	3	240000
244	/Users/margogusarova/PycharmProjects/python2.1/dataset/tiger/0245.jpg	tiger	0	200	400	3	240000
245	/Users/margogusarova/PycharmProjects/python2.1/dataset/tiger/0246.jpg	tiger	0	200	400	3	240000
246	/Users/margogusarova/PycharmProjects/python2.1/dataset/tiger/0247.jpg	tiger	0	200	400	3	240000
247	/Users/margogusarova/PycharmProjects/python2.1/dataset/tiger/0248.jpg	tiger	0	200	400	3	240000
248	/Users/margogusarova/PycharmProjects/python2.1/dataset/tiger/0249.jpg	tiger	0	200	400	3	240000
249	/Users/margogusarova/PycharmProjects/python2.1/dataset/tiger/0250.jpg	tiger	0	200	400	3	240000
250	/Users/margogusarova/PycharmProjects/python2.1/dataset/tiger/0251.jpg	tiger	0	200	400	3	240000
251	/Users/margogusarova/PycharmProjects/python2.1/dataset/tiger/0252.jpg	tiger	0	200	400	3	240000
252	/Users/margogusarova/PycharmProjects/python2.1/dataset/tiger/0253.jpg	tiger	0	270	480	3	388800
253	/Users/margogusarova/PycharmProjects/python2.1/dataset/tiger/0254.jpg	tiger	0	300	480	3	432000
254	/Users/margogusarova/PycharmProjects/python2.1/dataset/tiger/0255.jpg	tiger	0	300	480	3	432000
255	/Users/margogusarova/PycharmProjects/python2.1/dataset/tiger/0256.jpg	tiger	0	300	480	3	432000
256	/Users/margogusarova/PycharmProjects/python2.1/dataset/tiger/0257.jpg	tiger	0	320	427	3	409920
257	/Users/margogusarova/PycharmProjects/python2.1/dataset/tiger/0258.jpg	tiger	0	320	480	3	460800
258	/Users/margogusarova/PycharmProjects/python2.1/dataset/tiger/0259.jpg	tiger	0	320	399	3	383040
259	/Users/margogusarova/PycharmProjects/python2.1/dataset/tiger/0260.jpg	tiger	0	320	480	3	460800
260	/Users/margogusarova/PycharmProjects/python2.1/dataset/tiger/0261.jpg	tiger	0	300	480	3	432000
261	/Users/margogusarova/PycharmProjects/python2.1/dataset/tiger/0262.jpg	tiger	0	320	480	3	460800
262	/Users/margogusarova/PycharmProjects/python2.1/dataset/tiger/0263.jpg	tiger	0	319	480	3	459360
263	/Users/margogusarova/PycharmProjects/python2.1/dataset/tiger/0264.jpg	tiger	0	320	457	3	438720
264	/Users/margogusarova/PycharmProjects/python2.1/dataset/tiger/0265.jpg	tiger	0	320	480	3	460800
265	/Users/margogusarova/PycharmProjects/python2.1/dataset/tiger/0266.jpg	tiger	0	320	480	3	460800
266	/Users/margogusarova/PycharmProjects/python2.1/dataset/tiger/0267.jpg	tiger	0	320	480	3	460800
267	/Users/margogusarova/PycharmProjects/python2.1/dataset/tiger/0268.jpg	tiger	0	300	480	3	432000
268	/Users/margogusarova/PycharmProjects/python2.1/dataset/tiger/0269.jpg	tiger	0	320	480	3	460800
269	/Users/margogusarova/PycharmProjects/python2.1/dataset/tiger/0270.jpg	tiger	0	300	480	3	432000
270	/Users/margogusarova/PycharmProjects/python2.1/dataset/tiger/0271.jpg	tiger	0	320	480	3	460800
271	/Users/margogusarova/PycharmProjects/python2.1/dataset/tiger/0272.jpg	tiger	0	320	480	3	460800
272	/Users/margogusarova/PycharmProjects/python2.1/dataset/tiger/0273.jpg	tiger	0	319	480	3	459360
273	/Users/margogusarova/PycharmProjects/python2.1/dataset/tiger/0274.jpg	tiger	0	306	480	3	440640
274	/Users/margogusarova/PycharmProjects/python2.1/dataset/tiger/0275.jpg	tiger	0	319	480	3	459360
275	/Users/margogusarova/PycharmProjects/python2.1/dataset/tiger/0276.jpg	tiger	0	320	480	3	460800
276	/Users/margogusarova/PycharmProjects/python2.1/dataset/tiger/0277.jpg	tiger	0	320	427	3	409920
277	/Users/margogusarova/PycharmProjects/python2.1/dataset/tiger/0278.jpg	tiger	0	271	480	3	390240
278	/Users/margogusarova/PycharmProjects/python2.1/dataset/tiger/0279.jpg	tiger	0	300	480	3	432000
279	/Users/margogusarova/PycharmProjects/python2.1/dataset/tiger/0280.jpg	tiger	0	320	320	3	307200
280	/Users/margogusarova/PycharmProjects/python2.1/dataset/tiger/0281.jpg	tiger	0	320	431	3	413760
281	/Users/margogusarova/PycharmProjects/python2.1/dataset/tiger/0282.jpg	tiger	0	270	480	3	388800
282	/Users/margogusarova/PycharmProjects/python2.1/dataset/tiger/0283.jpg	tiger	0	200	400	3	240000
283	/Users/margogusarova/PycharmProjects/python2.1/dataset/tiger/0284.jpg	tiger	0	200	400	3	240000
284	/Users/margogusarova/PycharmProjects/python2.1/dataset/tiger/0285.jpg	tiger	0	200	400	3	240000
285	/Users/margogusarova/PycharmProjects/python2.1/dataset/tiger/0286.jpg	tiger	0	200	400	3	240000
286	/Users/margogusarova/PycharmProjects/python2.1/dataset/tiger/0287.jpg	tiger	0	200	400	3	240000
287	/Users/margogusarova/PycharmProjects/python2.1/dataset/tiger/0288.jpg	tiger	0	200	400	3	240000
288	/Users/margogusarova/PycharmProjects/python2.1/dataset/tiger/0289.jpg	tiger	0	200	400	3	240000
289	/Users/margogusarova/PycharmProjects/python2.1/dataset/tiger/0290.jpg	tiger	0	200	400	3	240000
290	/Users/margogusarova/PycharmProjects/python2.1/dataset/tiger/0291.jpg	tiger	0	200	400	3	240000
291	/Users/margogusarova/PycharmProjects/python2.1/dataset/tiger/0292.jpg	tiger	0	200	400	3	240000
292	/Users/margogusarova/PycharmProjects/python2.1/dataset/tiger/0293.jpg	tiger	0	200	400	3	240000
293	/Users/margogusarova/PycharmProjects/python2.1/dataset/tiger/0294.jpg	tiger	0	200	400	3	240000
294	/Users/margogusarova/PycharmProjects/python2.1/dataset/tiger/0295.jpg	tiger	0	300	480	3	432000
295	/Users/margogusarova/PycharmProjects/python2.1/dataset/tiger/0296.jpg	tiger	0	320	448	3	430080
296	/Users/margogusarova/PycharmProjects/python2.1/dataset/tiger/0297.jpg	tiger	0	318	480	3	457920
297	/Users/margogusarova/PycharmProjects/python2.1/dataset/tiger/0298.jpg	tiger	0	320	480	3	460800
298	/Users/margogusarova/PycharmProjects/python2.1/dataset/tiger/0299.jpg	tiger	0	300	480	3	432000
299	/Users/margogusarova/PycharmProjects/python2.1/dataset/tiger/0300.jpg	tiger	0	300	480	3	432000
300	/Users/margogusarova/PycharmProjects/python2.1/dataset/tiger/0301.jpg	tiger	0	320	427	3	409920
301	/Users/margogusarova/PycharmProjects/python2.1/dataset/tiger/0302.jpg	tiger	0	270	480	3	388800
302	/Users/margogusarova/PycharmProjects/python2.1/dataset/tiger/0303.jpg	tiger	0	320	480	3	460800
303	/Users/margogusarova/PycharmProjects/python2.1/dataset/tiger/0304.jpg	tiger	0	270	480	3	388800
304	/Users/margogusarova/PycharmProjects/python2.1/dataset/tiger/0305.jpg	tiger	0	300	480	3	432000
305	/Users/margogusarova/PycharmProjects/python2.1/dataset/tiger/0306.jpg	tiger	0	300	480	3	432000
306	/Users/margogusarova/PycharmProjects/python2.1/dataset/tiger/0307.jpg	tiger	0	300	480	3	432000
307	/Users/margogusarova/PycharmProjects/python2.1/dataset/tiger/0308.jpg	tiger	0	320	480	3	460800
308	/Users/margogusarova/PycharmProjects/python2.1/dataset/tiger/0309.jpg	tiger	0	320	480	3	460800
309	/Users/margogusarova/PycharmProjects/python2.1/dataset/tiger/0310.jpg	tiger	0	300	480	3	432000
310	/Users/margogusarova/PycharmProjects/python2.1/dataset/tiger/0311.jpg	tiger	0	320	480	3	460800
311	/Users/margogusarova/PycharmProjects/python2.1/dataset/tiger/0312.jpg	tiger	0	300	480	3	432000
312	/Users/margogusarova/PycharmProjects/python2.1/dataset/tiger/0313.jpg	tiger	0	320	480	3	460800
313	/Users/margogusarova/PycharmProjects/python2.1/dataset/tiger/0314.jpg	tiger	0	319	480	3	459360
314	/Users/margogusarova/PycharmProjects/python2.1/dataset/tiger/0315.jpg	tiger	0	320	480	3	460800
315	/Users/margogusarova/PycharmProjects/python2.1/dataset/tiger/0316.jpg	tiger	0	320	427	3	409920
316	/Users/margogusarova/PycharmProjects/python2.1/dataset/tiger/0317.jpg	tiger	0	300	480	3	432000
317	/Users/margogusarova/PycharmProjects/python2.1/dataset/tiger/0318.jpg	tiger	0	300	480	3	432000
318	/Users/margogusarova/PycharmProjects/python2.1/dataset/tiger/0319.jpg	tiger	0	320	443	3	425280
319	/Users/margogusarova/PycharmProjects/python2.1/dataset/tiger/0320.jpg	tiger	0	320	479	3	459840
320	/Users/margogusarova/PycharmProjects/python2.1/dataset/tiger/0321.jpg	tiger	0	320	480	3	460800
321	/Users/margogusarova/PycharmProjects/python2.1/dataset/tiger/0322.jpg	tiger	0	300	480	3	432000
322	/Users/margogusarova/PycharmProjects/python2.1/dataset/tiger/0323.jpg	tiger	0	320	387	3	371520
323	/Users/margogusarova/PycharmProjects/python2.1/dataset/tiger/0324.jpg	tiger	0	300	480	3	432000
324	/Users/margogusarova/PycharmProjects/python2.1/dataset/tiger/0325.jpg	tiger	0	200	400	3	240000
325	/Users/margogusarova/PycharmProjects/python2.1/dataset/tiger/0326.jpg	tiger	0	200	400	3	240000
326	/Users/margogusarova/PycharmProjects/python2.1/dataset/tiger/0327.jpg	tiger	0	200	400	3	240000
327	/Users/margogusarova/PycharmProjects/python2.1/dataset/tiger/0328.jpg	tiger	0	200	400	3	240000
328	/Users/margogusarova/PycharmProjects/python2.1/dataset/tiger/0329.jpg	tiger	0	200	400	3	240000
329	/Users/margogusarova/PycharmProjects/python2.1/dataset/tiger/0330.jpg	tiger	0	200	400	3	240000
330	/Users/margogusarova/PycharmProjects/python2.1/dataset/tiger/0331.jpg	tiger	0	200	400	3	240000
331	/Users/margogusarova/PycharmProjects/python2.1/dataset/tiger/0332.jpg	tiger	0	200	400	3	240000
332	/Users/margogusarova/PycharmProjects/python2.1/dataset/tiger/0333.jpg	tiger	0	200	400	3	240000
333	/Users/margogusarova/PycharmProjects/python2.1/dataset/tiger/0334.jpg	tiger	0	200	400	3	240000
334	/Users/margogusarova/PycharmProjects/python2.1/dataset/tiger/0335.jpg	tiger	0	200	400	3	240000
335	/Users/margogusarova/PycharmProjects/python2.1/dataset/tiger/0336.jpg	tiger	0	200	400	3	240000
336	/Users/margogusarova/PycharmProjects/python2.1/dataset/tiger/0337.jpg	tiger	0	320	415	3	398400
337	/Users/margogusarova/PycharmProjects/python2.1/dataset/tiger/0338.jpg	tiger	0	319	480	3	459360
338	/Users/margogusarova/PycharmProjects/python2.1/dataset/tiger/0339.jpg	tiger	0	300	480	3	432000
339	/Users/margogusarova/PycharmProjects/python2.1/dataset/tiger/0340.jpg	tiger	0	320	435	3	417600
340	/Users/margogusarova/PycharmProjects/python2.1/dataset/tiger/0341.jpg	tiger	0	300	480	3	432000
341	/Users/margogusarova/PycharmProjects/python2.1/dataset/tiger/0342.jpg	tiger	0	300	480	3	432000
342	/Users/margogusarova/PycharmProjects/python2.1/dataset/tiger/0343.jpg	tiger	0	320	447	3	429120
343	/Users/margogusarova/PycharmProjects/python2.1/dataset/tiger/0344.jpg	tiger	0	320	480	3	460800
344	/Users/margogusarova/PycharmProjects/python2.1/dataset/tiger/0345.jpg	tiger	0	270	480	3	388800
345	/Users/margogusarova/PycharmProjects/python2.1/dataset/tiger/0346.jpg	tiger	0	259	480	3	372960
346	/Users/margogusarova/PycharmProjects/python2.1/dataset/tiger/0347.jpg	tiger	0	320	480	3	460800
347	/Users/margogusarova/PycharmProjects/python2.1/dataset/tiger/0348.jpg	tiger	0	270	480	3	388800
348	/Users/margogusarova/PycharmProjects/python2.1/dataset/tiger/0349.jpg	tiger	0	320	427	3	409920
349	/Users/margogusarova/PycharmProjects/python2.1/dataset/tiger/0350.jpg	tiger	0	320	478	3	458880
350	/Users/margogusarova/PycharmProjects/python2.1/dataset/tiger/0351.jpg	tiger	0	320	480	3	460800
351	/Users/margogusarova/PycharmProjects/python2.1/dataset/tiger/0352.jpg	tiger	0	320	427	3	409920
352	/Users/margogusarova/PycharmProjects/python2.1/dataset/tiger/0353.jpg	tiger	0	300	480	3	432000
353	/Users/margogusarova/PycharmProjects/python2.1/dataset/tiger/0354.jpg	tiger	0	320	427	3	409920
354	/Users/margogusarova/PycharmProjects/python2.1/dataset/tiger/0355.jpg	tiger	0	270	480	3	388800
355	/Users/margogusarova/PycharmProjects/python2.1/dataset/tiger/0356.jpg	tiger	0	320	480	3	460800
356	/Users/margogusarova/PycharmProjects/python2.1/dataset/tiger/0357.jpg	tiger	0	300	480	3	432000
357	/Users/margogusarova/PycharmProjects/python2.1/dataset/tiger/0358.jpg	tiger	0	320	480	3	460800
358	/Users/margogusarova/PycharmProjects/python2.1/dataset/tiger/0359.jpg	tiger	0	320	426	3	408960
359	/Users/margogusarova/PycharmProjects/python2.1/dataset/tiger/0360.jpg	tiger	0	320	277	3	265920
360	/Users/margogusarova/PycharmProjects/python2.1/dataset/tiger/0361.jpg	tiger	0	312	480	3	449280
361	/Users/margogusarova/PycharmProjects/python2.1/dataset/tiger/0362.jpg	tiger	0	270	480	3	388800
362	/Users/margogusarova/PycharmProjects/python2.1/dataset/tiger/0363.jpg	tiger	0	270	480	3	388800
363	/Users/margogusarova/PycharmProjects/python2.1/dataset/tiger/0364.jpg	tiger	0	320	427	3	409920
364	/Users/margogusarova/PycharmProjects/python2.1/dataset/tiger/0365.jpg	tiger	0	320	480	3	460800
365	/Users/margogusarova/PycharmProjects/python2.1/dataset/tiger/0366.jpg	tiger	0	320	480	3	460800
366	/Users/margogusarova/PycharmProjects/python2.1/dataset/tiger/0367.jpg	tiger	0	200	400	3	240000
367	/Users/margogusarova/PycharmProjects/python2.1/dataset/tiger/0368.jpg	tiger	0	200	400	3	240000
368	/Users/margogusarova/PycharmProjects/python2.1/dataset/tiger/0369.jpg	tiger	0	200	400	3	240000
369	/Users/margogusarova/PycharmProjects/python2.1/dataset/tiger/0370.jpg	tiger	0	200	400	3	240000
370	/Users/margogusarova/PycharmProjects/python2.1/dataset/tiger/0371.jpg	tiger	0	200	400	3	240000
371	/Users/margogusarova/PycharmProjects/python2.1/dataset/tiger/0372.jpg	tiger	0	200	400	3	240000
372	/Users/margogusarova/PycharmProjects/python2.1/dataset/tiger/0373.jpg	tiger	0	200	400	3	240000
373	/Users/margogusarova/PycharmProjects/python2.1/dataset/tiger/0374.jpg	tiger	0	200	400	3	240000
374	/Users/margogusarova/PycharmProjects/python2.1/dataset/tiger/0375.jpg	tiger	0	200	400	3	240000
375	/Users/margogusarova/PycharmProjects/python2.1/dataset/tiger/0376.jpg	tiger	0	200	400	3	240000
376	/Users/margogusarova/PycharmProjects/python2.1/dataset/tiger/0377.jpg	tiger	0	200	400	3	240000
377	/Users/margogusarova/PycharmProjects/python2.1/dataset/tiger/0378.jpg	tiger	0	200	400	3	240000
378	/Users/margogusarova/PycharmProjects/python2.1/dataset/tiger/0379.jpg	tiger	0	320	480	3	460800
379	/Users/margogusarova/PycharmProjects/python2.1/dataset/tiger/0380.jpg	tiger	0	320	480	3	460800
380	/Users/margogusarova/PycharmProjects/python2.1/dataset/tiger/0381.jpg	tiger	0	320	480	3	460800
381	/Users/margogusarova/PycharmProjects/python2.1/dataset/tiger/0382.jpg	tiger	0	270	480	3	388800
382	/Users/margogusarova/PycharmProjects/python2.1/dataset/tiger/0383.jpg	tiger	0	320	480	3	460800
383	/Users/margogusarova/PycharmProjects/python2.1/dataset/tiger/0384.jpg	tiger	0	320	405	3	388800
384	/Users/margogusarova/PycharmProjects/python2.1/dataset/tiger/0385.jpg	tiger	0	270	480	3	388800
385	/Users/margogusarova/PycharmProjects/python2.1/dataset/tiger/0386.jpg	tiger	0	320	427	3	409920
386	/Users/margogusarova/PycharmProjects/python2.1/dataset/tiger/0387.jpg	tiger	0	320	480	3	460800
387	/Users/margogusarova/PycharmProjects/python2.1/dataset/tiger/0388.jpg	tiger	0	300	480	3	432000
388	/Users/margogusarova/PycharmProjects/python2.1/dataset/tiger/0389.jpg	tiger	0	319	480	3	459360
389	/Users/margogusarova/PycharmProjects/python2.1/dataset/tiger/0390.jpg	tiger	0	320	480	3	460800
390	/Users/margogusarova/PycharmProjects/python2.1/dataset/tiger/0391.jpg	tiger	0	300	480	3	432000
391	/Users/margogusarova/PycharmProjects/python2.1/dataset/tiger/0392.jpg	tiger	0	270	480	3	388800
392	/Users/margogusarova/PycharmProjects/python2.1/dataset/tiger/0393.jpg	tiger	0	300	480	3	432000
393	/Users/margogusarova/PycharmProjects/python2.1/dataset/tiger/0394.jpg	tiger	0	282	480	3	406080
394	/Users/margogusarova/PycharmProjects/python2.1/dataset/tiger/0395.jpg	tiger	0	292	480	3	420480
395	/Users/margogusarova/PycharmProjects/python2.1/dataset/tiger/0396.jpg	tiger	0	300	480	3	432000
396	/Users/margogusarova/PycharmProjects/python2.1/dataset/tiger/0397.jpg	tiger	0	320	480	3	460800
397	/Users/margogusarova/PycharmProjects/python2.1/dataset/tiger/0398.jpg	tiger	0	300	480	3	432000
398	/Users/margogusarova/PycharmProjects/python2.1/dataset/tiger/0399.jpg	tiger	0	300	480	3	432000
399	/Users/margogusarova/PycharmProjects/python2.1/dataset/tiger/0400.jpg	tiger	0	320	332	3	318720
400	/Users/margogusarova/PycharmProjects/python2.1/dataset/tiger/0401.jpg	tiger	0	320	480	3	460800
401	/Users/margogusarova/PycharmProjects/python2.1/dataset/tiger/0402.jpg	tiger	0	320	480	3	460800
402	/Users/margogusarova/PycharmProjects/python2.1/dataset/tiger/0403.jpg	tiger	0	320	413	3	396480
403	/Users/margogusarova/PycharmProjects/python2.1/dataset/tiger/0404.jpg	tiger	0	320	480	3	460800
404	/Users/margogusarova/PycharmProjects/python2.1/dataset/tiger/0405.jpg	tiger	0	320	480	3	460800
405	/Users/margogusarova/PycharmProjects/python2.1/dataset/tiger/0406.jpg	tiger	0	320	427	3	409920
406	/Users/margogusarova/PycharmProjects/python2.1/dataset/tiger/0407.jpg	tiger	0	319	480	3	459360
407	/Users/margogusarova/PycharmProjects/python2.1/dataset/tiger/0408.jpg	tiger	0	320	435	3	417600
408	/Users/margogusarova/PycharmProjects/python2.1/dataset/tiger/0409.jpg	tiger	0	200	400	3	240000
409	/Users/margogusarova/PycharmProjects/python2.1/dataset/tiger/0410.jpg	tiger	0	200	400	3	240000
410	/Users/margogusarova/PycharmProjects/python2.1/dataset/tiger/0411.jpg	tiger	0	200	400	3	240000
411	/Users/margogusarova/PycharmProjects/python2.1/dataset/tiger/0412.jpg	tiger	0	200	400	3	240000
412	/Users/margogusarova/PycharmProjects/python2.1/dataset/tiger/0413.jpg	tiger	0	200	400	3	240000
413	/Users/margogusarova/PycharmProjects/python2.1/dataset/tiger/0414.jpg	tiger	0	200	400	3	240000
414	/Users/margogusarova/PycharmProjects/python2.1/dataset/tiger/0415.jpg	tiger	0	200	400	3	240000
415	/Users/margogusarova/PycharmProjects/python2.1/dataset/tiger/0416.jpg	tiger	0	200	400	3	240000
416	/Users/margogusarova/PycharmProjects/python2.1/dataset/tiger/0417.jpg	tiger	0	200	400	3	240000
417	/Users/margogusarova/PycharmProjects/python2.1/dataset/tiger/0418.jpg	tiger	0	200	400	3	240000
418	/Users/margogusarova/PycharmProjects/python2.1/dataset/tiger/0419.jpg	tiger	0	200	400	3	240000
419	/Users/margogusarova/PycharmProjects/python2.1/dataset/tiger/0420.jpg	tiger	0	200	400	3	240000
420	/Users/margogusarova/PycharmProjects/python2.1/dataset/tiger/0421.jpg	tiger	0	320	427	3	409920
421	/Users/margogusarova/PycharmProjects/python2.1/dataset/tiger/0422.jpg	tiger	0	319	480	3	459360
422	/Users/margogusarova/PycharmProjects/python2.1/dataset/tiger/0423.jpg	tiger	0	320	435	3	417600
423	/Users/margogusarova/PycharmProjects/python2.1/dataset/tiger/0424.jpg	tiger	0	320	405	3	388800
424	/Users/margogusarova/PycharmProjects/python2.1/dataset/tiger/0425.jpg	tiger	0	300	480	3	432000
425	/Users/margogusarova/PycharmProjects/python2.1/dataset/tiger/0426.jpg	tiger	0	300	480	3	432000
426	/Users/margogusarova/PycharmProjects/python2.1/dataset/tiger/0427.jpg	tiger	0	320	480	3	460800
427	/Users/margogusarova/PycharmProjects/python2.1/dataset/tiger/0428.jpg	tiger	0	320	478	3	458880
428	/Users/margogusarova/PycharmProjects/python2.1/dataset/tiger/0429.jpg	tiger	0	300	480	3	432000
429	/Users/margogusarova/PycharmProjects/python2.1/dataset/tiger/0430.jpg	tiger	0	300	480	3	432000
430	/Users/margogusarova/PycharmProjects/python2.1/dataset/tiger/0431.jpg	tiger	0	320	480	3	460800
431	/Users/margogusarova/PycharmProjects/python2.1/dataset/tiger/0432.jpg	tiger	0	270	480	3	388800
432	/Users/margogusarova/PycharmProjects/python2.1/dataset/tiger/0433.jpg	tiger	0	320	480	3	460800
433	/Users/margogusarova/PycharmProjects/python2.1/dataset/tiger/0434.jpg	tiger	0	300	480	3	432000
434	/Users/margogusarova/PycharmProjects/python2.1/dataset/tiger/0435.jpg	tiger	0	320	480	3	460800
435	/Users/margogusarova/PycharmProjects/python2.1/dataset/tiger/0436.jpg	tiger	0	320	480	3	460800
436	/Users/margogusarova/PycharmProjects/python2.1/dataset/tiger/0437.jpg	tiger	0	320	480	3	460800
437	/Users/margogusarova/PycharmProjects/python2.1/dataset/tiger/0438.jpg	tiger	0	320	480	3	460800
438	/Users/margogusarova/PycharmProjects/python2.1/dataset/tiger/0439.jpg	tiger	0	300	480	3	432000
439	/Users/margogusarova/PycharmProjects/python2.1/dataset/tiger/0440.jpg	tiger	0	320	480	3	460800
440	/Users/margogusarova/PycharmProjects/python2.1/dataset/tiger/0441.jpg	tiger	0	308	480	3	443520
441	/Users/margogusarova/PycharmProjects/python2.1/dataset/tiger/0442.jpg	tiger	0	320	480	3	460800
442	/Users/margogusarova/PycharmProjects/python2.1/dataset/tiger/0443.jpg	tiger	0	320	427	3	409920
443	/Users/margogusarova/PycharmProjects/python2.1/dataset/tiger/0444.jpg	tiger	0	315	480	3	453600
444	/Users/margogusarova/PycharmProjects/python2.1/dataset/tiger/0445.jpg	tiger	0	300	480	3	432000
445	/Users/margogusarova/PycharmProjects/python2.1/dataset/tiger/0446.jpg	tiger	0	320	427	3	409920
446	/Users/margogusarova/PycharmProjects/python2.1/dataset/tiger/0447.jpg	tiger	0	320	480	3	460800
447	/Users/margogusarova/PycharmProjects/python2.1/dataset/tiger/0448.jpg	tiger	0	300	480	3	432000
448	/Users/margogusarova/PycharmProjects/python2.1/dataset/tiger/0449.jpg	tiger	0	320	213	3	204480
449	/Users/margogusarova/PycharmProjects/python2.1/dataset/tiger/0450.jpg	tiger	0	300	480	3	432000
450	/Users/margogusarova/PycharmProjects/python2.1/dataset/tiger/0451.jpg	tiger	0	200	400	3	240000
451	/Users/margogusarova/PycharmProjects/python2.1/dataset/tiger/0452.jpg	tiger	0	200	400	3	240000
452	/Users/margogusarova/PycharmProjects/python2.1/dataset/tiger/0453.jpg	tiger	0	200	400	3	240000
453	/Users/margogusarova/PycharmProjects/python2.1/dataset/tiger/0454.jpg	tiger	0	200	400	3	240000
454	/Users/margogusarova/PycharmProjects/python2.1/dataset/tiger/0455.jpg	tiger	0	200	400	3	240000
455	/Users/margogusarova/PycharmProjects/python2.1/dataset/tiger/0456.jpg	tiger	0	200	400	3	240000
456	/Users/margogusarova/PycharmProjects/python2.1/dataset/tiger/0457.jpg	tiger	0	200	400	3	240000
457	/Users/margogusarova/PycharmProjects/python2.1/dataset/tiger/0458.jpg	tiger	0	200	400	3	240000
458	/Users/margogusarova/PycharmProjects/python2.1/dataset/tiger/0459.jpg	tiger	0	200	400	3	240000
459	/Users/margogusarova/PycharmProjects/python2.1/dataset/tiger/0460.jpg	tiger	0	200	400	3	240000
460	/Users/margogusarova/PycharmProjects/python2.1/dataset/tiger/0461.jpg	tiger	0	200	400	3	240000
461	/Users/margogusarova/PycharmProjects/python2.1/dataset/tiger/0462.jpg	tiger	0	200	400	3	240000
462	/Users/margogusarova/PycharmProjects/python2.1/dataset/tiger/0463.jpg	tiger	0	320	480	3	460800
463	/Users/margogusarova/PycharmProjects/python2.1/dataset/tiger/0464.jpg	tiger	0	308	480	3	443520
464	/Users/margogusarova/PycharmProjects/python2.1/dataset/tiger/0465.jpg	tiger	0	320	480	3	460800
465	/Users/margogusarova/PycharmProjects/python2.1/dataset/tiger/0466.jpg	tiger	0	319	480	3	459360
466	/Users/margogusarova/PycharmProjects/python2.1/dataset/tiger/0467.jpg	tiger	0	320	478	3	458880
467	/Users/margogusarova/PycharmProjects/python2.1/dataset/tiger/0468.jpg	tiger	0	320	480	3	460800
468	/Users/margogusarova/PycharmProjects/python2.1/dataset/tiger/0469.jpg	tiger	0	320	427	3	409920
469	/Users/margogusarova/PycharmProjects/python2.1/dataset/tiger/0470.jpg	tiger	0	320	443	3	425280
470	/Users/margogusarova/PycharmProjects/python2.1/dataset/tiger/0471.jpg	tiger	0	300	480	3	432000
471	/Users/margogusarova/PycharmProjects/python2.1/dataset/tiger/0472.jpg	tiger	0	320	480	3	460800
472	/Users/margogusarova/PycharmProjects/python2.1/dataset/tiger/0473.jpg	tiger	0	320	480	3	460800
473	/Users/margogusarova/PycharmProjects/python2.1/dataset/tiger/0474.jpg	tiger	0	270	480	3	388800
474	/Users/margogusarova/PycharmProjects/python2.1/dataset/tiger/0475.jpg	tiger	0	320	462	3	443520
475	/Users/margogusarova/PycharmProjects/python2.1/dataset/tiger/0476.jpg	tiger	0	300	480	3	432000
476	/Users/margogusarova/PycharmProjects/python2.1/dataset/tiger/0477.jpg	tiger	0	320	427	3	409920
477	/Users/margogusarova/PycharmProjects/python2.1/dataset/tiger/0478.jpg	tiger	0	306	480	3	440640
478	/Users/margogusarova/PycharmProjects/python2.1/dataset/tiger/0479.jpg	tiger	0	300	480	3	432000
479	/Users/margogusarova/PycharmProjects/python2.1/dataset/tiger/0480.jpg	tiger	0	320	480	3	460800
480	/Users/margogusarova/PycharmProjects/python2.1/dataset/tiger/0481.jpg	tiger	0	270	480	3	388800
481	/Users/margogusarova/PycharmProjects/python2.1/dataset/tiger/0482.jpg	tiger	0	300	480	3	432000
482	/Users/margogusarova/PycharmProjects/python2.1/dataset/tiger/0483.jpg	tiger	0	314	480	3	452160
483	/Users/margogusarova/PycharmProjects/python2.1/dataset/tiger/0484.jpg	tiger	0	320	286	3	274560
484	/Users/margogusarova/PycharmProjects/python2.1/dataset/tiger/0485.jpg	tiger	0	320	480	3	460800
485	/Users/margogusarova/PycharmProjects/python2.1/dataset/tiger/0486.jpg	tiger	0	286	480	3	411840
486	/Users/margogusarova/PycharmProjects/python2.1/dataset/tiger/0487.jpg	tiger	0	319	480	3	459360
487	/Users/margogusarova/PycharmProjects/python2.1/dataset/tiger/0488.jpg	tiger	0	300	480	3	432000
488	/Users/margogusarova/PycharmProjects/python2.1/dataset/tiger/0489.jpg	tiger	0	270	480	3	388800
489	/Users/margogusarova/PycharmProjects/python2.1/dataset/tiger/0490.jpg	tiger	0	300	480	3	432000
490	/Users/margogusarova/PycharmProjects/python2.1/dataset/tiger/0491.jpg	tiger	0	320	480	3	460800
491	/Users/margogusarova/PycharmProjects/python2.1/dataset/tiger/0492.jpg	tiger	0	320	320	3	307200
492	/Users/margogusarova/PycharmProjects/python2.1/dataset/tiger/0493.jpg	tiger	0	200	400	3	240000
493	/Users/margogusarova/PycharmProjects/python2.1/dataset/tiger/0494.jpg	tiger	0	200	400	3	240000
494	/Users/margogusarova/PycharmProjects/python2.1/dataset/tiger/0495.jpg	tiger	0	200	400	3	240000
495	/Users/margogusarova/PycharmProjects/python2.1/dataset/tiger/0496.jpg	tiger	0	200	400	3	240000
496	/Users/margogusarova/PycharmProjects/python2.1/dataset/tiger/0497.jpg	tiger	0	200	400	3	240000
497	/Users/margogusarova/PycharmProjects/python2.1/dataset/tiger/0498.jpg	tiger	0	200	400	3	240000
498	/Users/margogusarova/PycharmProjects/python2.1/dataset/tiger/0499.jpg	tiger	0	200	400	3	240000
499	/Users/margogusarova/PycharmProjects/python2.1/dataset/tiger/0500.jpg	tiger	0	200	400	3	240000
500	/Users/margogusarova/PycharmProjects/python2.1/dataset/tiger/0501.jpg	tiger	0	200	400	3	240000
501	/Users/margogusarova/PycharmProjects/python2.1/dataset/tiger/0502.jpg	tiger	0	200	400	3	240000
502	/Users/margogusarova/PycharmProjects/python2.1/dataset/tiger/0503.jpg	tiger	0	200	400	3	240000
503	/Users/margogusarova/PycharmProjects/python2.1/dataset/tiger/0504.jpg	tiger	0	200	400	3	240000
504	/Users/margogusarova/PycharmProjects/python2.1/dataset/tiger/0505.jpg	tiger	0	300	480	3	432000
505	/Users/margogusarova/PycharmProjects/python2.1/dataset/tiger/0506.jpg	tiger	0	320	480	3	460800
506	/Users/margogusarova/PycharmProjects/python2.1/dataset/tiger/0507.jpg	tiger	0	320	320	3	307200
507	/Users/margogusarova/PycharmProjects/python2.1/dataset/tiger/0508.jpg	tiger	0	320	480	3	460800
508	/Users/margogusarova/PycharmProjects/python2.1/dataset/tiger/0509.jpg	tiger	0	320	480	3	460800
509	/Users/margogusarova/PycharmProjects/python2.1/dataset/tiger/0510.jpg	tiger	0	300	480	3	432000
510	/Users/margogusarova/PycharmProjects/python2.1/dataset/tiger/0511.jpg	tiger	0	320	479	3	459840
511	/Users/margogusarova/PycharmProjects/python2.1/dataset/tiger/0512.jpg	tiger	0	320	320	3	307200
512	/Users/margogusarova/PycharmProjects/python2.1/dataset/tiger/0513.jpg	tiger	0	320	427	3	409920
513	/Users/margogusarova/PycharmProjects/python2.1/dataset/tiger/0514.jpg	tiger	0	320	480	3	460800
514	/Users/margogusarova/PycharmProjects/python2.1/dataset/tiger/0515.jpg	tiger	0	320	256	3	245760
515	/Users/margogusarova/PycharmProjects/python2.1/dataset/tiger/0516.jpg	tiger	0	300	480	3	432000
516	/Users/margogusarova/PycharmProjects/python2.1/dataset/tiger/0517.jpg	tiger	0	320	480	3	460800
517	/Users/margogusarova/PycharmProjects/python2.1/dataset/tiger/0518.jpg	tiger	0	300	480	3	432000
518	/Users/margogusarova/PycharmProjects/python2.1/dataset/tiger/0519.jpg	tiger	0	320	444	3	426240
519	/Users/margogusarova/PycharmProjects/python2.1/dataset/tiger/0520.jpg	tiger	0	320	434	3	416640
520	/Users/margogusarova/PycharmProjects/python2.1/dataset/tiger/0521.jpg	tiger	0	320	480	3	460800
521	/Users/margogusarova/PycharmProjects/python2.1/dataset/tiger/0522.jpg	tiger	0	300	480	3	432000
522	/Users/margogusarova/PycharmProjects/python2.1/dataset/tiger/0523.jpg	tiger	0	320	377	3	361920
523	/Users/margogusarova/PycharmProjects/python2.1/dataset/tiger/0524.jpg	tiger	0	320	480	3	460800
524	/Users/margogusarova/PycharmProjects/python2.1/dataset/tiger/0525.jpg	tiger	0	320	478	3	458880
525	/Users/margogusarova/PycharmProjects/python2.1/dataset/tiger/0526.jpg	tiger	0	320	427	3	409920
526	/Users/margogusarova/PycharmProjects/python2.1/dataset/tiger/0527.jpg	tiger	0	320	480	3	460800
527	/Users/margogusarova/PycharmProjects/python2.1/dataset/tiger/0528.jpg	tiger	0	300	480	3	432000
528	/Users/margogusarova/PycharmProjects/python2.1/dataset/tiger/0529.jpg	tiger	0	320	480	3	460800
529	/Users/margogusarova/PycharmProjects/python2.1/dataset/tiger/0530.jpg	tiger	0	300	480	3	432000
530	/Users/margogusarova/PycharmProjects/python2.1/dataset/tiger/0531.jpg	tiger	0	300	480	3	432000
531	/Users/margogusarova/PycharmProjects/python2.1/dataset/tiger/0532.jpg	tiger	0	300	480	3	432000
532	/Users/margogusarova/PycharmProjects/python2.1/dataset/tiger/0533.jpg	tiger	0	270	480	3	388800
533	/Users/margogusarova/PycharmProjects/python2.1/dataset/tiger/0534.jpg	tiger	0	270	480	3	388800
534	/Users/margogusarova/PycharmProjects/python2.1/dataset/tiger/0535.jpg	tiger	0	200	400	3	240000
535	/Users/margogusarova/PycharmProjects/python2.1/dataset/tiger/0536.jpg	tiger	0	200	400	3	240000
536	/Users/margogusarova/PycharmProjects/python2.1/dataset/tiger/0537.jpg	tiger	0	200	400	3	240000
537	/Users/margogusarova/PycharmProjects/python2.1/dataset/tiger/0538.jpg	tiger	0	200	400	3	240000
538	/Users/margogusarova/PycharmProjects/python2.1/dataset/tiger/0539.jpg	tiger	0	200	400	3	240000
539	/Users/margogusarova/PycharmProjects/python2.1/dataset/tiger/0540.jpg	tiger	0	200	400	3	240000
540	/Users/margogusarova/PycharmProjects/python2.1/dataset/tiger/0541.jpg	tiger	0	200	400	3	240000
541	/Users/margogusarova/PycharmProjects/python2.1/dataset/tiger/0542.jpg	tiger	0	200	400	3	240000
542	/Users/margogusarova/PycharmProjects/python2.1/dataset/tiger/0543.jpg	tiger	0	200	400	3	240000
543	/Users/margogusarova/PycharmProjects/python2.1/dataset/tiger/0544.jpg	tiger	0	200	400	3	240000
544	/Users/margogusarova/PycharmProjects/python2.1/dataset/tiger/0545.jpg	tiger	0	200	400	3	240000
545	/Users/margogusarova/PycharmProjects/python2.1/dataset/tiger/0546.jpg	tiger	0	200	400	3	240000
546	/Users/margogusarova/PycharmProjects/python2.1/dataset/tiger/0547.jpg	tiger	0	320	480	3	460800
547	/Users/margogusarova/PycharmProjects/python2.1/dataset/tiger/0548.jpg	tiger	0	270	480	3	388800
548	/Users/margogusarova/PycharmProjects/python2.1/dataset/tiger/0549.jpg	tiger	0	300	480	3	432000
549	/Users/margogusarova/PycharmProjects/python2.1/dataset/tiger/0550.jpg	tiger	0	320	427	3	409920
550	/Users/margogusarova/PycharmProjects/python2.1/dataset/tiger/0551.jpg	tiger	0	320	249	3	239040
551	/Users/margogusarova/PycharmProjects/python2.1/dataset/tiger/0552.jpg	tiger	0	320	480	3	460800
552	/Users/margogusarova/PycharmProjects/python2.1/dataset/tiger/0553.jpg	tiger	0	320	427	3	409920
553	/Users/margogusarova/PycharmProjects/python2.1/dataset/tiger/0554.jpg	tiger	0	320	400	3	384000
554	/Users/margogusarova/PycharmProjects/python2.1/dataset/tiger/0555.jpg	tiger	0	320	480	3	460800
555	/Users/margogusarova/PycharmProjects/python2.1/dataset/tiger/0556.jpg	tiger	0	320	240	3	230400
556	/Users/margogusarova/PycharmProjects/python2.1/dataset/tiger/0557.jpg	tiger	0	320	450	3	432000
557	/Users/margogusarova/PycharmProjects/python2.1/dataset/tiger/0558.jpg	tiger	0	320	480	3	460800
558	/Users/margogusarova/PycharmProjects/python2.1/dataset/tiger/0559.jpg	tiger	0	300	480	3	432000
559	/Users/margogusarova/PycharmProjects/python2.1/dataset/tiger/0560.jpg	tiger	0	320	446	3	428160
560	/Users/margogusarova/PycharmProjects/python2.1/dataset/tiger/0561.jpg	tiger	0	300	480	3	432000
561	/Users/margogusarova/PycharmProjects/python2.1/dataset/tiger/0562.jpg	tiger	0	320	480	3	460800
562	/Users/margogusarova/PycharmProjects/python2.1/dataset/tiger/0563.jpg	tiger	0	300	480	3	432000
563	/Users/margogusarova/PycharmProjects/python2.1/dataset/tiger/0564.jpg	tiger	0	300	480	3	432000
564	/Users/margogusarova/PycharmProjects/python2.1/dataset/tiger/0565.jpg	tiger	0	320	213	3	204480
565	/Users/margogusarova/PycharmProjects/python2.1/dataset/tiger/0566.jpg	tiger	0	311	480	3	447840
566	/Users/margogusarova/PycharmProjects/python2.1/dataset/tiger/0567.jpg	tiger	0	320	476	3	456960
567	/Users/margogusarova/PycharmProjects/python2.1/dataset/tiger/0568.jpg	tiger	0	320	430	3	412800
568	/Users/margogusarova/PycharmProjects/python2.1/dataset/tiger/0569.jpg	tiger	0	320	480	3	460800
569	/Users/margogusarova/PycharmProjects/python2.1/dataset/tiger/0570.jpg	tiger	0	300	480	3	432000
570	/Users/margogusarova/PycharmProjects/python2.1/dataset/tiger/0571.jpg	tiger	0	320	427	3	409920
571	/Users/margogusarova/PycharmProjects/python2.1/dataset/tiger/0572.jpg	tiger	0	320	480	3	460800
572	/Users/margogusarova/PycharmProjects/python2.1/dataset/tiger/0573.jpg	tiger	0	320	260	3	249600
573	/Users/margogusarova/PycharmProjects/python2.1/dataset/tiger/0574.jpg	tiger	0	270	480	3	388800
574	/Users/margogusarova/PycharmProjects/python2.1/dataset/tiger/0575.jpg	tiger	0	270	480	3	388800
575	/Users/margogusarova/PycharmProjects/python2.1/dataset/tiger/0576.jpg	tiger	0	270	480	3	388800
576	/Users/margogusarova/PycharmProjects/python2.1/dataset/tiger/0577.jpg	tiger	0	200	400	3	240000
577	/Users/margogusarova/PycharmProjects/python2.1/dataset/tiger/0578.jpg	tiger	0	200	400	3	240000
578	/Users/margogusarova/PycharmProjects/python2.1/dataset/tiger/0579.jpg	tiger	0	200	400	3	240000
579	/Users/margogusarova/PycharmProjects/python2.1/dataset/tiger/0580.jpg	tiger	0	200	400	3	240000
580	/Users/margogusarova/PycharmProjects/python2.1/dataset/tiger/0581.jpg	tiger	0	200	400	3	240000
581	/Users/margogusarova/PycharmProjects/python2.1/dataset/tiger/0582.jpg	tiger	0	200	400	3	240000
582	/Users/margogusarova/PycharmProjects/python2.1/dataset/tiger/0583.jpg	tiger	0	200	400	3	240000
583	/Users/margogusarova/PycharmProjects/python2.1/dataset/tiger/0584.jpg	tiger	0	200	400	3	240000
584	/Users/margogusarova/PycharmProjects/python2.1/dataset/tiger/0585.jpg	tiger	0	200	400	3	240000
585	/Users/margogusarova/PycharmProjects/python2.1/dataset/tiger/0586.jpg	tiger	0	200	400	3	240000
586	/Users/margogusarova/PycharmProjects/python2.1/dataset/tiger/0587.jpg	tiger	0	200	400	3	240000
587	/Users/margogusarova/PycharmProjects/python2.1/dataset/tiger/0588.jpg	tiger	0	200	400	3	240000
588	/Users/margogusarova/PycharmProjects/python2.1/dataset/tiger/0589.jpg	tiger	0	320	480	3	460800
589	/Users/margogusarova/PycharmProjects/python2.1/dataset/tiger/0590.jpg	tiger	0	320	260	3	249600
590	/Users/margogusarova/PycharmProjects/python2.1/dataset/tiger/0591.jpg	tiger	0	270	480	3	388800
591	/Users/margogusarova/PycharmProjects/python2.1/dataset/tiger/0592.jpg	tiger	0	270	480	3	388800
592	/Users/margogusarova/PycharmProjects/python2.1/dataset/tiger/0593.jpg	tiger	0	270	480	3	388800
593	/Users/margogusarova/PycharmProjects/python2.1/dataset/tiger/0594.jpg	tiger	0	320	480	3	460800
594	/Users/margogusarova/PycharmProjects/python2.1/dataset/tiger/0595.jpg	tiger	0	320	480	3	460800
595	/Users/margogusarova/PycharmProjects/python2.1/dataset/tiger/0596.jpg	tiger	0	310	480	3	446400
596	/Users/margogusarova/PycharmProjects/python2.1/dataset/tiger/0597.jpg	tiger	0	320	427	3	409920
597	/Users/margogusarova/PycharmProjects/python2.1/dataset/tiger/0598.jpg	tiger	0	300	480	3	432000
598	/Users/margogusarova/PycharmProjects/python2.1/dataset/tiger/0599.jpg	tiger	0	320	480	3	460800
599	/Users/margogusarova/PycharmProjects/python2.1/dataset/tiger/0600.jpg	tiger	0	300	480	3	432000
600	/Users/margogusarova/PycharmProjects/python2.1/dataset/tiger/0601.jpg	tiger	0	320	468	3	449280
601	/Users/margogusarova/PycharmProjects/python2.1/dataset/tiger/0602.jpg	tiger	0	320	320	3	307200
602	/Users/margogusarova/PycharmProjects/python2.1/dataset/tiger/0603.jpg	tiger	0	300	480	3	432000
603	/Users/margogusarova/PycharmProjects/python2.1/dataset/tiger/0604.jpg	tiger	0	320	427	3	409920
604	/Users/margogusarova/PycharmProjects/python2.1/dataset/tiger/0605.jpg	tiger	0	320	478	3	458880
605	/Users/margogusarova/PycharmProjects/python2.1/dataset/tiger/0606.jpg	tiger	0	270	480	3	388800
606	/Users/margogusarova/PycharmProjects/python2.1/dataset/tiger/0607.jpg	tiger	0	300	480	3	432000
607	/Users/margogusarova/PycharmProjects/python2.1/dataset/tiger/0608.jpg	tiger	0	300	480	3	432000
608	/Users/margogusarova/PycharmProjects/python2.1/dataset/tiger/0609.jpg	tiger	0	320	418	3	401280
609	/Users/margogusarova/PycharmProjects/python2.1/dataset/tiger/0610.jpg	tiger	0	320	480	3	460800
610	/Users/margogusarova/PycharmProjects/python2.1/dataset/tiger/0611.jpg	tiger	0	320	466	3	447360
611	/Users/margogusarova/PycharmProjects/python2.1/dataset/tiger/0612.jpg	tiger	0	320	480	3	460800
612	/Users/margogusarova/PycharmProjects/python2.1/dataset/tiger/0613.jpg	tiger	0	320	256	3	245760
613	/Users/margogusarova/PycharmProjects/python2.1/dataset/tiger/0614.jpg	tiger	0	270	480	3	388800
614	/Users/margogusarova/PycharmProjects/python2.1/dataset/tiger/0615.jpg	tiger	0	320	404	3	387840
615	/Users/margogusarova/PycharmProjects/python2.1/dataset/tiger/0616.jpg	tiger	0	320	480	3	460800
616	/Users/margogusarova/PycharmProjects/python2.1/dataset/tiger/0617.jpg	tiger	0	320	480	3	460800
617	/Users/margogusarova/PycharmProjects/python2.1/dataset/tiger/0618.jpg	tiger	0	300	480	3	432000
618	/Users/margogusarova/PycharmProjects/python2.1/dataset/tiger/0619.jpg	tiger	0	200	400	3	240000
619	/Users/margogusarova/PycharmProjects/python2.1/dataset/tiger/0620.jpg	tiger	0	200	400	3	240000
620	/Users/margogusarova/PycharmProjects/python2.1/dataset/tiger/0621.jpg	tiger	0	200	400	3	240000
621	/Users/margogusarova/PycharmProjects/python2.1/dataset/tiger/0622.jpg	tiger	0	200	400	3	240000
622	/Users/margogusarova/PycharmProjects/python2.1/dataset/tiger/0623.jpg	tiger	0	200	400	3	240000
623	/Users/margogusarova/PycharmProjects/python2.1/dataset/tiger/0624.jpg	tiger	0	200	400	3	240000
624	/Users/margogusarova/PycharmProjects/python2.1/dataset/tiger/0625.jpg	tiger	0	200	400	3	240000
625	/Users/margogusarova/PycharmProjects/python2.1/dataset/tiger/0626.jpg	tiger	0	200	400	3	240000
626	/Users/margogusarova/PycharmProjects/python2.1/dataset/tiger/0627.jpg	tiger	0	200	400	3	240000
627	/Users/margogusarova/PycharmProjects/python2.1/dataset/tiger/0628.jpg	tiger	0	200	400	3	240000
628	/Users/margogusarova/PycharmProjects/python2.1/dataset/tiger/0629.jpg	tiger	0	200	400	3	240000
629	/Users/margogusarova/PycharmProjects/python2.1/dataset/tiger/0630.jpg	tiger	0	200	400	3	240000
630	/Users/margogusarova/PycharmProjects/python2.1/dataset/tiger/0631.jpg	tiger	0	320	480	3	460800
631	/Users/margogusarova/PycharmProjects/python2.1/dataset/tiger/0632.jpg	tiger	0	320	443	3	425280
632	/Users/margogusarova/PycharmProjects/python2.1/dataset/tiger/0633.jpg	tiger	0	295	480	3	424800
633	/Users/margogusarova/PycharmProjects/python2.1/dataset/tiger/0634.jpg	tiger	0	312	480	3	449280
634	/Users/margogusarova/PycharmProjects/python2.1/dataset/tiger/0635.jpg	tiger	0	300	480	3	432000
635	/Users/margogusarova/PycharmProjects/python2.1/dataset/tiger/0636.jpg	tiger	0	300	480	3	432000
636	/Users/margogusarova/PycharmProjects/python2.1/dataset/tiger/0637.jpg	tiger	0	320	283	3	271680
637	/Users/margogusarova/PycharmProjects/python2.1/dataset/tiger/0638.jpg	tiger	0	300	480	3	432000
638	/Users/margogusarova/PycharmProjects/python2.1/dataset/tiger/0639.jpg	tiger	0	300	480	3	432000
639	/Users/margogusarova/PycharmProjects/python2.1/dataset/tiger/0640.jpg	tiger	0	300	480	3	432000
640	/Users/margogusarova/PycharmProjects/python2.1/dataset/tiger/0641.jpg	tiger	0	320	427	3	409920
641	/Users/margogusarova/PycharmProjects/python2.1/dataset/tiger/0642.jpg	tiger	0	320	213	3	204480
642	/Users/margogusarova/PycharmProjects/python2.1/dataset/tiger/0643.jpg	tiger	0	320	480	3	460800
643	/Users/margogusarova/PycharmProjects/python2.1/dataset/tiger/0644.jpg	tiger	0	320	427	3	409920
644	/Users/margogusarova/PycharmProjects/python2.1/dataset/tiger/0645.jpg	tiger	0	320	256	3	245760
645	/Users/margogusarova/PycharmProjects/python2.1/dataset/tiger/0646.jpg	tiger	0	320	480	3	460800
646	/Users/margogusarova/PycharmProjects/python2.1/dataset/tiger/0647.jpg	tiger	0	310	480	3	446400
647	/Users/margogusarova/PycharmProjects/python2.1/dataset/tiger/0648.jpg	tiger	0	309	480	3	444960
648	/Users/margogusarova/PycharmProjects/python2.1/dataset/tiger/0649.jpg	tiger	0	320	427	3	409920
649	/Users/margogusarova/PycharmProjects/python2.1/dataset/tiger/0650.jpg	tiger	0	320	476	3	456960
650	/Users/margogusarova/PycharmProjects/python2.1/dataset/tiger/0651.jpg	tiger	0	300	480	3	432000
651	/Users/margogusarova/PycharmProjects/python2.1/dataset/tiger/0652.jpg	tiger	0	320	472	3	453120
652	/Users/margogusarova/PycharmProjects/python2.1/dataset/tiger/0653.jpg	tiger	0	320	427	3	409920
653	/Users/margogusarova/PycharmProjects/python2.1/dataset/tiger/0654.jpg	tiger	0	320	480	3	460800
654	/Users/margogusarova/PycharmProjects/python2.1/dataset/tiger/0655.jpg	tiger	0	316	480	3	455040
655	/Users/margogusarova/PycharmProjects/python2.1/dataset/tiger/0656.jpg	tiger	0	300	480	3	432000
656	/Users/margogusarova/PycharmProjects/python2.1/dataset/tiger/0657.jpg	tiger	0	270	480	3	388800
657	/Users/margogusarova/PycharmProjects/python2.1/dataset/tiger/0658.jpg	tiger	0	320	427	3	409920
658	/Users/margogusarova/PycharmProjects/python2.1/dataset/tiger/0659.jpg	tiger	0	300	480	3	432000
659	/Users/margogusarova/PycharmProjects/python2.1/dataset/tiger/0660.jpg	tiger	0	270	480	3	388800
660	/Users/margogusarova/PycharmProjects/python2.1/dataset/tiger/0661.jpg	tiger	0	200	400	3	240000
661	/Users/margogusarova/PycharmProjects/python2.1/dataset/tiger/0662.jpg	tiger	0	200	400	3	240000
662	/Users/margogusarova/PycharmProjects/python2.1/dataset/tiger/0663.jpg	tiger	0	200	400	3	240000
663	/Users/margogusarova/PycharmProjects/python2.1/dataset/tiger/0664.jpg	tiger	0	200	400	3	240000
664	/Users/margogusarova/PycharmProjects/python2.1/dataset/tiger/0665.jpg	tiger	0	200	400	3	240000
665	/Users/margogusarova/PycharmProjects/python2.1/dataset/tiger/0666.jpg	tiger	0	200	400	3	240000
666	/Users/margogusarova/PycharmProjects/python2.1/dataset/tiger/0667.jpg	tiger	0	200	400	3	240000
667	/Users/margogusarova/PycharmProjects/python2.1/dataset/tiger/0668.jpg	tiger	0	200	400	3	240000
668	/Users/margogusarova/PycharmProjects/python2.1/dataset/tiger/0669.jpg	tiger	0	200	400	3	240000
669	/Users/margogusarova/PycharmProjects/python2.1/dataset/tiger/0670.jpg	tiger	0	200	400	3	240000
670	/Users/margogusarova/PycharmProjects/python2.1/dataset/tiger/0671.jpg	tiger	0	200	400	3	240000
671	/Users/margogusarova/PycharmProjects/python2.1/dataset/tiger/0672.jpg	tiger	0	200	400	3	240000
672	/Users/margogusarova/PycharmProjects/python2.1/dataset/tiger/0673.jpg	tiger	0	320	480	3	460800
673	/Users/margogusarova/PycharmProjects/python2.1/dataset/tiger/0674.jpg	tiger	0	320	303	3	290880
674	/Users/margogusarova/PycharmProjects/python2.1/dataset/tiger/0675.jpg	tiger	0	320	480	3	460800
675	/Users/margogusarova/PycharmProjects/python2.1/dataset/tiger/0676.jpg	tiger	0	288	480	3	414720
676	/Users/margogusarova/PycharmProjects/python2.1/dataset/tiger/0677.jpg	tiger	0	320	427	3	409920
677	/Users/margogusarova/PycharmProjects/python2.1/dataset/tiger/0678.jpg	tiger	0	320	427	3	409920
678	/Users/margogusarova/PycharmProjects/python2.1/dataset/tiger/0679.jpg	tiger	0	270	480	3	388800
679	/Users/margogusarova/PycharmProjects/python2.1/dataset/tiger/0680.jpg	tiger	0	320	427	3	409920
680	/Users/margogusarova/PycharmProjects/python2.1/dataset/tiger/0681.jpg	tiger	0	320	320	3	307200
681	/Users/margogusarova/PycharmProjects/python2.1/dataset/tiger/0682.jpg	tiger	0	320	432	3	414720
682	/Users/margogusarova/PycharmProjects/python2.1/dataset/tiger/0683.jpg	tiger	0	320	309	3	296640
683	/Users/margogusarova/PycharmProjects/python2.1/dataset/tiger/0684.jpg	tiger	0	320	480	3	460800
684	/Users/margogusarova/PycharmProjects/python2.1/dataset/tiger/0685.jpg	tiger	0	320	480	3	460800
685	/Users/margogusarova/PycharmProjects/python2.1/dataset/tiger/0686.jpg	tiger	0	270	480	3	388800
686	/Users/margogusarova/PycharmProjects/python2.1/dataset/tiger/0687.jpg	tiger	0	320	480	3	460800
687	/Users/margogusarova/PycharmProjects/python2.1/dataset/tiger/0688.jpg	tiger	0	320	415	3	398400
688	/Users/margogusarova/PycharmProjects/python2.1/dataset/tiger/0689.jpg	tiger	0	320	475	3	456000
689	/Users/margogusarova/PycharmProjects/python2.1/dataset/tiger/0690.jpg	tiger	0	320	412	3	395520
690	/Users/margogusarova/PycharmProjects/python2.1/dataset/tiger/0691.jpg	tiger	0	300	480	3	432000
691	/Users/margogusarova/PycharmProjects/python2.1/dataset/tiger/0692.jpg	tiger	0	320	480	3	460800
692	/Users/margogusarova/PycharmProjects/python2.1/dataset/tiger/0693.jpg	tiger	0	320	480	3	460800
693	/Users/margogusarova/PycharmProjects/python2.1/dataset/tiger/0694.jpg	tiger	0	300	480	3	432000
694	/Users/margogusarova/PycharmProjects/python2.1/dataset/tiger/0695.jpg	tiger	0	320	480	3	460800
695	/Users/margogusarova/PycharmProjects/python2.1/dataset/tiger/0696.jpg	tiger	0	270	480	3	388800
696	/Users/margogusarova/PycharmProjects/python2.1/dataset/tiger/0697.jpg	tiger	0	300	480	3	432000
697	/Users/margogusarova/PycharmProjects/python2.1/dataset/tiger/0698.jpg	tiger	0	318	480	3	457920
698	/Users/margogusarova/PycharmProjects/python2.1/dataset/tiger/0699.jpg	tiger	0	320	320	3	307200
699	/Users/margogusarova/PycharmProjects/python2.1/dataset/tiger/0700.jpg	tiger	0	300	480	3	432000
700	/Users/margogusarova/PycharmProjects/python2.1/dataset/tiger/0701.jpg	tiger	0	317	480	3	456480
701	/Users/margogusarova/PycharmProjects/python2.1/dataset/tiger/0702.jpg	tiger	0	300	480	3	432000
702	/Users/margogusarova/PycharmProjects/python2.1/dataset/tiger/0703.jpg	tiger	0	200	400	3	240000
703	/Users/margogusarova/PycharmProjects/python2.1/dataset/tiger/0704.jpg	tiger	0	200	400	3	240000
704	/Users/margogusarova/PycharmProjects/python2.1/dataset/tiger/0705.jpg	tiger	0	200	400	3	240000
705	/Users/margogusarova/PycharmProjects/python2.1/dataset/tiger/0706.jpg	tiger	0	200	400	3	240000
706	/Users/margogusarova/PycharmProjects/python2.1/dataset/tiger/0707.jpg	tiger	0	200	400	3	240000
707	/Users/margogusarova/PycharmProjects/python2.1/dataset/tiger/0708.jpg	tiger	0	200	400	3	240000
708	/Users/margogusarova/PycharmProjects/python2.1/dataset/tiger/0709.jpg	tiger	0	200	400	3	240000
709	/Users/margogusarova/PycharmProjects/python2.1/dataset/tiger/0710.jpg	tiger	0	200	400	3	240000
710	/Users/margogusarova/PycharmProjects/python2.1/dataset/tiger/0711.jpg	tiger	0	200	400	3	240000
711	/Users/margogusarova/PycharmProjects/python2.1/dataset/tiger/0712.jpg	tiger	0	200	400	3	240000
712	/Users/margogusarova/PycharmProjects/python2.1/dataset/tiger/0713.jpg	tiger	0	200	400	3	240000
713	/Users/margogusarova/PycharmProjects/python2.1/dataset/tiger/0714.jpg	tiger	0	200	400	3	240000
714	/Users/margogusarova/PycharmProjects/python2.1/dataset/tiger/0715.jpg	tiger	0	320	480	3	460800
715	/Users/margogusarova/PycharmProjects/python2.1/dataset/tiger/0716.jpg	tiger	0	320	480	3	460800
716	/Users/margogusarova/PycharmProjects/python2.1/dataset/tiger/0717.jpg	tiger	0	270	480	3	388800
717	/Users/margogusarova/PycharmProjects/python2.1/dataset/tiger/0718.jpg	tiger	0	320	433	3	415680
718	/Users/margogusarova/PycharmProjects/python2.1/dataset/tiger/0719.jpg	tiger	0	306	480	3	440640
719	/Users/margogusarova/PycharmProjects/python2.1/dataset/tiger/0720.jpg	tiger	0	305	480	3	439200
720	/Users/margogusarova/PycharmProjects/python2.1/dataset/tiger/0721.jpg	tiger	0	320	427	3	409920
721	/Users/margogusarova/PycharmProjects/python2.1/dataset/tiger/0722.jpg	tiger	0	320	417	3	400320
722	/Users/margogusarova/PycharmProjects/python2.1/dataset/tiger/0723.jpg	tiger	0	319	480	3	459360
723	/Users/margogusarova/PycharmProjects/python2.1/dataset/tiger/0724.jpg	tiger	0	320	480	3	460800
724	/Users/margogusarova/PycharmProjects/python2.1/dataset/tiger/0725.jpg	tiger	0	300	480	3	432000
725	/Users/margogusarova/PycharmProjects/python2.1/dataset/tiger/0726.jpg	tiger	0	300	480	3	432000
726	/Users/margogusarova/PycharmProjects/python2.1/dataset/tiger/0727.jpg	tiger	0	320	242	3	232320
727	/Users/margogusarova/PycharmProjects/python2.1/dataset/tiger/0728.jpg	tiger	0	300	480	3	432000
728	/Users/margogusarova/PycharmProjects/python2.1/dataset/tiger/0729.jpg	tiger	0	300	480	3	432000
729	/Users/margogusarova/PycharmProjects/python2.1/dataset/tiger/0730.jpg	tiger	0	320	480	3	460800
730	/Users/margogusarova/PycharmProjects/python2.1/dataset/tiger/0731.jpg	tiger	0	319	480	3	459360
731	/Users/margogusarova/PycharmProjects/python2.1/dataset/tiger/0732.jpg	tiger	0	270	480	3	388800
732	/Users/margogusarova/PycharmProjects/python2.1/dataset/tiger/0733.jpg	tiger	0	317	480	3	456480
733	/Users/margogusarova/PycharmProjects/python2.1/dataset/tiger/0734.jpg	tiger	0	320	441	3	423360
734	/Users/margogusarova/PycharmProjects/python2.1/dataset/tiger/0735.jpg	tiger	0	320	480	3	460800
735	/Users/margogusarova/PycharmProjects/python2.1/dataset/tiger/0736.jpg	tiger	0	287	480	3	413280
736	/Users/margogusarova/PycharmProjects/python2.1/dataset/tiger/0737.jpg	tiger	0	300	480	3	432000
737	/Users/margogusarova/PycharmProjects/python2.1/dataset/tiger/0738.jpg	tiger	0	320	213	3	204480
738	/Users/margogusarova/PycharmProjects/python2.1/dataset/tiger/0739.jpg	tiger	0	320	480	3	460800
739	/Users/margogusarova/PycharmProjects/python2.1/dataset/tiger/0740.jpg	tiger	0	320	480	3	460800
740	/Users/margogusarova/PycharmProjects/python2.1/dataset/tiger/0741.jpg	tiger	0	300	480	3	432000
741	/Users/margogusarova/PycharmProjects/python2.1/dataset/tiger/0742.jpg	tiger	0	270	480	3	388800
742	/Users/margogusarova/PycharmProjects/python2.1/dataset/tiger/0743.jpg	tiger	0	300	480	3	432000
743	/Users/margogusarova/PycharmProjects/python2.1/dataset/tiger/0744.jpg	tiger	0	320	249	3	239040
744	/Users/margogusarova/PycharmProjects/python2.1/dataset/tiger/0745.jpg	tiger	0	200	400	3	240000
745	/Users/margogusarova/PycharmProjects/python2.1/dataset/tiger/0746.jpg	tiger	0	200	400	3	240000
746	/Users/margogusarova/PycharmProjects/python2.1/dataset/tiger/0747.jpg	tiger	0	200	400	3	240000
747	/Users/margogusarova/PycharmProjects/python2.1/dataset/tiger/0748.jpg	tiger	0	200	400	3	240000
748	/Users/margogusarova/PycharmProjects/python2.1/dataset/tiger/0749.jpg	tiger	0	200	400	3	240000
749	/Users/margogusarova/PycharmProjects/python2.1/dataset/tiger/0750.jpg	tiger	0	200	400	3	240000
750	/Users/margogusarova/PycharmProjects/python2.1/dataset/tiger/0751.jpg	tiger	0	200	400	3	240000
751	/Users/margogusarova/PycharmProjects/python2.1/dataset/tiger/0752.jpg	tiger	0	200	400	3	240000
752	/Users/margogusarova/PycharmProjects/python2.1/dataset/tiger/0753.jpg	tiger	0	200	400	3	240000
753	/Users/margogusarova/PycharmProjects/python2.1/dataset/tiger/0754.jpg	tiger	0	200	400	3	240000
754	/Users/margogusarova/PycharmProjects/python2.1/dataset/tiger/0755.jpg	tiger	0	200	400	3	240000
755	/Users/margogusarova/PycharmProjects/python2.1/dataset/tiger/0756.jpg	tiger	0	200	400	3	240000
756	/Users/margogusarova/PycharmProjects/python2.1/dataset/tiger/0757.jpg	tiger	0	320	213	3	204480
757	/Users/margogusarova/PycharmProjects/python2.1/dataset/tiger/0758.jpg	tiger	0	320	480	3	460800
758	/Users/margogusarova/PycharmProjects/python2.1/dataset/tiger/0759.jpg	tiger	0	320	480	3	460800
759	/Users/margogusarova/PycharmProjects/python2.1/dataset/tiger/0760.jpg	tiger	0	300	480	3	432000
760	/Users/margogusarova/PycharmProjects/python2.1/dataset/tiger/0761.jpg	tiger	0	270	480	3	388800
761	/Users/margogusarova/PycharmProjects/python2.1/dataset/tiger/0762.jpg	tiger	0	300	480	3	432000
762	/Users/margogusarova/PycharmProjects/python2.1/dataset/tiger/0763.jpg	tiger	0	320	249	3	239040
763	/Users/margogusarova/PycharmProjects/python2.1/dataset/tiger/0764.jpg	tiger	0	300	480	3	432000
764	/Users/margogusarova/PycharmProjects/python2.1/dataset/tiger/0765.jpg	tiger	0	320	480	3	460800
765	/Users/margogusarova/PycharmProjects/python2.1/dataset/tiger/0766.jpg	tiger	0	300	480	3	432000
766	/Users/margogusarova/PycharmProjects/python2.1/dataset/tiger/0767.jpg	tiger	0	270	480	3	388800
767	/Users/margogusarova/PycharmProjects/python2.1/dataset/tiger/0768.jpg	tiger	0	300	480	3	432000
768	/Users/margogusarova/PycharmProjects/python2.1/dataset/tiger/0769.jpg	tiger	0	320	427	3	409920
769	/Users/margogusarova/PycharmProjects/python2.1/dataset/tiger/0770.jpg	tiger	0	270	480	3	388800
770	/Users/margogusarova/PycharmProjects/python2.1/dataset/tiger/0771.jpg	tiger	0	320	474	3	455040
771	/Users/margogusarova/PycharmProjects/python2.1/dataset/tiger/0772.jpg	tiger	0	320	480	3	460800
772	/Users/margogusarova/PycharmProjects/python2.1/dataset/tiger/0773.jpg	tiger	0	320	480	3	460800
773	/Users/margogusarova/PycharmProjects/python2.1/dataset/tiger/0774.jpg	tiger	0	270	480	3	388800
774	/Users/margogusarova/PycharmProjects/python2.1/dataset/tiger/0775.jpg	tiger	0	319	480	3	459360
775	/Users/margogusarova/PycharmProjects/python2.1/dataset/tiger/0776.jpg	tiger	0	320	436	3	418560
776	/Users/margogusarova/PycharmProjects/python2.1/dataset/tiger/0777.jpg	tiger	0	320	427	3	409920
777	/Users/margogusarova/PycharmProjects/python2.1/dataset/tiger/0778.jpg	tiger	0	320	455	3	436800
778	/Users/margogusarova/PycharmProjects/python2.1/dataset/tiger/0779.jpg	tiger	0	300	480	3	432000
779	/Users/margogusarova/PycharmProjects/python2.1/dataset/tiger/0780.jpg	tiger	0	320	480	3	460800
780	/Users/margogusarova/PycharmProjects/python2.1/dataset/tiger/0781.jpg	tiger	0	320	435	3	417600
781	/Users/margogusarova/PycharmProjects/python2.1/dataset/tiger/0782.jpg	tiger	0	320	449	3	431040
782	/Users/margogusarova/PycharmProjects/python2.1/dataset/tiger/0783.jpg	tiger	0	320	480	3	460800
783	/Users/margogusarova/PycharmProjects/python2.1/dataset/tiger/0784.jpg	tiger	0	300	480	3	432000
784	/Users/margogusarova/PycharmProjects/python2.1/dataset/tiger/0785.jpg	tiger	0	300	480	3	432000
785	/Users/margogusarova/PycharmProjects/python2.1/dataset/tiger/0786.jpg	tiger	0	270	480	3	388800
786	/Users/margogusarova/PycharmProjects/python2.1/dataset/tiger/0787.jpg	tiger	0	200	400	3	240000
787	/Users/margogusarova/PycharmProjects/python2.1/dataset/tiger/0788.jpg	tiger	0	200	400	3	240000
788	/Users/margogusarova/PycharmProjects/python2.1/dataset/tiger/0789.jpg	tiger	0	200	400	3	240000
789	/Users/margogusarova/PycharmProjects/python2.1/dataset/tiger/0790.jpg	tiger	0	200	400	3	240000
790	/Users/margogusarova/PycharmProjects/python2.1/dataset/tiger/0791.jpg	tiger	0	200	400	3	240000
791	/Users/margogusarova/PycharmProjects/python2.1/dataset/tiger/0792.jpg	tiger	0	200	400	3	240000
792	/Users/margogusarova/PycharmProjects/python2.1/dataset/tiger/0793.jpg	tiger	0	200	400	3	240000
793	/Users/margogusarova/PycharmProjects/python2.1/dataset/tiger/0794.jpg	tiger	0	200	400	3	240000
794	/Users/margogusarova/PycharmProjects/python2.1/dataset/tiger/0795.jpg	tiger	0	200	400	3	240000
795	/Users/margogusarova/PycharmProjects/python2.1/dataset/tiger/0796.jpg	tiger	0	200	400	3	240000
796	/Users/margogusarova/PycharmProjects/python2.1/dataset/tiger/0797.jpg	tiger	0	200	400	3	240000
797	/Users/margogusarova/PycharmProjects/python2.1/dataset/tiger/0798.jpg	tiger	0	200	400	3	240000
798	/Users/margogusarova/PycharmProjects/python2.1/dataset/tiger/0799.jpg	tiger	0	320	480	3	460800
799	/Users/margogusarova/PycharmProjects/python2.1/dataset/tiger/0800.jpg	tiger	0	320	427	3	409920
800	/Users/margogusarova/PycharmProjects/python2.1/dataset/tiger/0801.jpg	tiger	0	300	480	3	432000
801	/Users/margogusarova/PycharmProjects/python2.1/dataset/tiger/0802.jpg	tiger	0	320	480	3	460800
802	/Users/margogusarova/PycharmProjects/python2.1/dataset/tiger/0803.jpg	tiger	0	320	400	3	384000
803	/Users/margogusarova/PycharmProjects/python2.1/dataset/tiger/0804.jpg	tiger	0	320	480	3	460800
804	/Users/margogusarova/PycharmProjects/python2.1/dataset/tiger/0805.jpg	tiger	0	320	480	3	460800
805	/Users/margogusarova/PycharmProjects/python2.1/dataset/tiger/0806.jpg	tiger	0	319	480	3	459360
806	/Users/margogusarova/PycharmProjects/python2.1/dataset/tiger/0807.jpg	tiger	0	300	480	3	432000
807	/Users/margogusarova/PycharmProjects/python2.1/dataset/tiger/0808.jpg	tiger	0	270	480	3	388800
808	/Users/margogusarova/PycharmProjects/python2.1/dataset/tiger/0809.jpg	tiger	0	300	480	3	432000
809	/Users/margogusarova/PycharmProjects/python2.1/dataset/tiger/0810.jpg	tiger	0	320	480	3	460800
810	/Users/margogusarova/PycharmProjects/python2.1/dataset/tiger/0811.jpg	tiger	0	320	480	3	460800
811	/Users/margogusarova/PycharmProjects/python2.1/dataset/tiger/0812.jpg	tiger	0	300	480	3	432000
812	/Users/margogusarova/PycharmProjects/python2.1/dataset/tiger/0813.jpg	tiger	0	320	400	3	384000
813	/Users/margogusarova/PycharmProjects/python2.1/dataset/tiger/0814.jpg	tiger	0	270	480	3	388800
814	/Users/margogusarova/PycharmProjects/python2.1/dataset/tiger/0815.jpg	tiger	0	277	480	3	398880
815	/Users/margogusarova/PycharmProjects/python2.1/dataset/tiger/0816.jpg	tiger	0	320	480	3	460800
816	/Users/margogusarova/PycharmProjects/python2.1/dataset/tiger/0817.jpg	tiger	0	320	256	3	245760
817	/Users/margogusarova/PycharmProjects/python2.1/dataset/tiger/0818.jpg	tiger	0	319	480	3	459360
818	/Users/margogusarova/PycharmProjects/python2.1/dataset/tiger/0819.jpg	tiger	0	320	427	3	409920
819	/Users/margogusarova/PycharmProjects/python2.1/dataset/tiger/0820.jpg	tiger	0	270	480	3	388800
820	/Users/margogusarova/PycharmProjects/python2.1/dataset/tiger/0821.jpg	tiger	0	320	478	3	458880
821	/Users/margogusarova/PycharmProjects/python2.1/dataset/tiger/0822.jpg	tiger	0	320	480	3	460800
822	/Users/margogusarova/PycharmProjects/python2.1/dataset/tiger/0823.jpg	tiger	0	319	480	3	459360
823	/Users/margogusarova/PycharmProjects/python2.1/dataset/tiger/0824.jpg	tiger	0	308	480	3	443520
824	/Users/margogusarova/PycharmProjects/python2.1/dataset/tiger/0825.jpg	tiger	0	270	480	3	388800
825	/Users/margogusarova/PycharmProjects/python2.1/dataset/tiger/0826.jpg	tiger	0	320	480	3	460800
826	/Users/margogusarova/PycharmProjects/python2.1/dataset/tiger/0827.jpg	tiger	0	320	480	3	460800
827	/Users/margogusarova/PycharmProjects/python2.1/dataset/tiger/0828.jpg	tiger	0	320	306	3	293760
828	/Users/margogusarova/PycharmProjects/python2.1/dataset/tiger/0829.jpg	tiger	0	200	400	3	240000
829	/Users/margogusarova/PycharmProjects/python2.1/dataset/tiger/0830.jpg	tiger	0	200	400	3	240000
830	/Users/margogusarova/PycharmProjects/python2.1/dataset/tiger/0831.jpg	tiger	0	200	400	3	240000
831	/Users/margogusarova/PycharmProjects/python2.1/dataset/tiger/0832.jpg	tiger	0	200	400	3	240000
832	/Users/margogusarova/PycharmProjects/python2.1/dataset/tiger/0833.jpg	tiger	0	200	400	3	240000
833	/Users/margogusarova/PycharmProjects/python2.1/dataset/tiger/0834.jpg	tiger	0	200	400	3	240000
834	/Users/margogusarova/PycharmProjects/python2.1/dataset/tiger/0835.jpg	tiger	0	200	400	3	240000
835	/Users/margogusarova/PycharmProjects/python2.1/dataset/tiger/0836.jpg	tiger	0	200	400	3	240000
836	/Users/margogusarova/PycharmProjects/python2.1/dataset/tiger/0837.jpg	tiger	0	200	400	3	240000
837	/Users/margogusarova/PycharmProjects/python2.1/dataset/tiger/0838.jpg	tiger	0	200	400	3	240000
838	/Users/margogusarova/PycharmProjects/python2.1/dataset/tiger/0839.jpg	tiger	0	200	400	3	240000
839	/Users/margogusarova/PycharmProjects/python2.1/dataset/tiger/0840.jpg	tiger	0	200	400	3	240000
840	/Users/margogusarova/PycharmProjects/python2.1/dataset/tiger/0841.jpg	tiger	0	319	480	3	459360
841	/Users/margogusarova/PycharmProjects/python2.1/dataset/tiger/0842.jpg	tiger	0	308	480	3	443520
842	/Users/margogusarova/PycharmProjects/python2.1/dataset/tiger/0843.jpg	tiger	0	270	480	3	388800
843	/Users/margogusarova/PycharmProjects/python2.1/dataset/tiger/0844.jpg	tiger	0	320	480	3	460800
844	/Users/margogusarova/PycharmProjects/python2.1/dataset/tiger/0845.jpg	tiger	0	320	480	3	460800
845	/Users/margogusarova/PycharmProjects/python2.1/dataset/tiger/0846.jpg	tiger	0	320	306	3	293760
846	/Users/margogusarova/PycharmProjects/python2.1/dataset/tiger/0847.jpg	tiger	0	234	480	3	336960
847	/Users/margogusarova/PycharmProjects/python2.1/dataset/tiger/0848.jpg	tiger	0	300	480	3	432000
848	/Users/margogusarova/PycharmProjects/python2.1/dataset/tiger/0849.jpg	tiger	0	270	480	3	388800
849	/Users/margogusarova/PycharmProjects/python2.1/dataset/tiger/0850.jpg	tiger	0	270	480	3	388800
850	/Users/margogusarova/PycharmProjects/python2.1/dataset/tiger/0851.jpg	tiger	0	307	480	3	442080
851	/Users/margogusarova/PycharmProjects/python2.1/dataset/tiger/0852.jpg	tiger	0	300	480	3	432000
852	/Users/margogusarova/PycharmProjects/python2.1/dataset/tiger/0853.jpg	tiger	0	320	480	3	460800
853	/Users/margogusarova/PycharmProjects/python2.1/dataset/tiger/0854.jpg	tiger	0	298	480	3	429120
854	/Users/margogusarova/PycharmProjects/python2.1/dataset/tiger/0855.jpg	tiger	0	300	480	3	432000
855	/Users/margogusarova/PycharmProjects/python2.1/dataset/tiger/0856.jpg	tiger	0	300	480	3	432000
856	/Users/margogusarova/PycharmProjects/python2.1/dataset/tiger/0857.jpg	tiger	0	300	480	3	432000
857	/Users/margogusarova/PycharmProjects/python2.1/dataset/tiger/0858.jpg	tiger	0	318	480	3	457920
858	/Users/margogusarova/PycharmProjects/python2.1/dataset/tiger/0859.jpg	tiger	0	270	480	3	388800
859	/Users/margogusarova/PycharmProjects/python2.1/dataset/tiger/0860.jpg	tiger	0	320	480	3	460800
860	/Users/margogusarova/PycharmProjects/python2.1/dataset/tiger/0861.jpg	tiger	0	306	480	3	440640
861	/Users/margogusarova/PycharmProjects/python2.1/dataset/tiger/0862.jpg	tiger	0	270	480	3	388800
862	/Users/margogusarova/PycharmProjects/python2.1/dataset/tiger/0863.jpg	tiger	0	300	480	3	432000
863	/Users/margogusarova/PycharmProjects/python2.1/dataset/tiger/0864.jpg	tiger	0	320	320	3	307200
864	/Users/margogusarova/PycharmProjects/python2.1/dataset/tiger/0865.jpg	tiger	0	318	480	3	457920
865	/Users/margogusarova/PycharmProjects/python2.1/dataset/tiger/0866.jpg	tiger	0	306	480	3	440640
866	/Users/margogusarova/PycharmProjects/python2.1/dataset/tiger/0867.jpg	tiger	0	270	480	3	388800
867	/Users/margogusarova/PycharmProjects/python2.1/dataset/tiger/0868.jpg	tiger	0	298	480	3	429120
868	/Users/margogusarova/PycharmProjects/python2.1/dataset/tiger/0869.jpg	tiger	0	300	480	3	432000
869	/Users/margogusarova/PycharmProjects/python2.1/dataset/tiger/0870.jpg	tiger	0	270	480	3	388800
870	/Users/margogusarova/PycharmProjects/python2.1/dataset/tiger/0871.jpg	tiger	0	200	400	3	240000
871	/Users/margogusarova/PycharmProjects/python2.1/dataset/tiger/0872.jpg	tiger	0	200	400	3	240000
872	/Users/margogusarova/PycharmProjects/python2.1/dataset/tiger/0873.jpg	tiger	0	200	400	3	240000
873	/Users/margogusarova/PycharmProjects/python2.1/dataset/tiger/0874.jpg	tiger	0	200	400	3	240000
874	/Users/margogusarova/PycharmProjects/python2.1/dataset/tiger/0875.jpg	tiger	0	200	400	3	240000
875	/Users/margogusarova/PycharmProjects/python2.1/dataset/tiger/0876.jpg	tiger	0	200	400	3	240000
876	/Users/margogusarova/PycharmProjects/python2.1/dataset/tiger/0877.jpg	tiger	0	200	400	3	240000
877	/Users/margogusarova/PycharmProjects/python2.1/dataset/tiger/0878.jpg	tiger	0	200	400	3	240000
878	/Users/margogusarova/PycharmProjects/python2.1/dataset/tiger/0879.jpg	tiger	0	200	400	3	240000
879	/Users/margogusarova/PycharmProjects/python2.1/dataset/tiger/0880.jpg	tiger	0	200	400	3	240000
880	/Users/margogusarova/PycharmProjects/python2.1/dataset/tiger/0881.jpg	tiger	0	200	400	3	240000
881	/Users/margogusarova/PycharmProjects/python2.1/dataset/tiger/0882.jpg	tiger	0	200	400	3	240000
882	/Users/margogusarova/PycharmProjects/python2.1/dataset/tiger/0883.jpg	tiger	0	320	320	3	307200
883	/Users/margogusarova/PycharmProjects/python2.1/dataset/tiger/0884.jpg	tiger	0	287	480	3	413280
884	/Users/margogusarova/PycharmProjects/python2.1/dataset/tiger/0885.jpg	tiger	0	320	454	3	435840
885	/Users/margogusarova/PycharmProjects/python2.1/dataset/tiger/0886.jpg	tiger	0	320	480	3	460800
886	/Users/margogusarova/PycharmProjects/python2.1/dataset/tiger/0887.jpg	tiger	0	319	480	3	459360
887	/Users/margogusarova/PycharmProjects/python2.1/dataset/tiger/0888.jpg	tiger	0	320	427	3	409920
888	/Users/margogusarova/PycharmProjects/python2.1/dataset/tiger/0889.jpg	tiger	0	300	480	3	432000
889	/Users/margogusarova/PycharmProjects/python2.1/dataset/tiger/0890.jpg	tiger	0	300	480	3	432000
890	/Users/margogusarova/PycharmProjects/python2.1/dataset/tiger/0891.jpg	tiger	0	320	343	3	329280
891	/Users/margogusarova/PycharmProjects/python2.1/dataset/tiger/0892.jpg	tiger	0	270	480	3	388800
892	/Users/margogusarova/PycharmProjects/python2.1/dataset/tiger/0893.jpg	tiger	0	320	480	3	460800
893	/Users/margogusarova/PycharmProjects/python2.1/dataset/tiger/0894.jpg	tiger	0	320	480	3	460800
894	/Users/margogusarova/PycharmProjects/python2.1/dataset/tiger/0895.jpg	tiger	0	300	480	3	432000
895	/Users/margogusarova/PycharmProjects/python2.1/dataset/tiger/0896.jpg	tiger	0	320	427	3	409920
896	/Users/margogusarova/PycharmProjects/python2.1/dataset/tiger/0897.jpg	tiger	0	320	480	3	460800
897	/Users/margogusarova/PycharmProjects/python2.1/dataset/tiger/0898.jpg	tiger	0	320	387	3	371520
898	/Users/margogusarova/PycharmProjects/python2.1/dataset/tiger/0899.jpg	tiger	0	300	480	3	432000
899	/Users/margogusarova/PycharmProjects/python2.1/dataset/tiger/0900.jpg	tiger	0	320	249	3	239040
900	/Users/margogusarova/PycharmProjects/python2.1/dataset/tiger/0901.jpg	tiger	0	320	417	3	400320
901	/Users/margogusarova/PycharmProjects/python2.1/dataset/tiger/0902.jpg	tiger	0	320	400	3	384000
902	/Users/margogusarova/PycharmProjects/python2.1/dataset/tiger/0903.jpg	tiger	0	271	480	3	390240
903	/Users/margogusarova/PycharmProjects/python2.1/dataset/tiger/0904.jpg	tiger	0	300	480	3	432000
904	/Users/margogusarova/PycharmProjects/python2.1/dataset/tiger/0905.jpg	tiger	0	241	480	3	347040
905	/Users/margogusarova/PycharmProjects/python2.1/dataset/tiger/0906.jpg	tiger	0	320	480	3	460800
906	/Users/margogusarova/PycharmProjects/python2.1/dataset/tiger/0907.jpg	tiger	0	300	480	3	432000
907	/Users/margogusarova/PycharmProjects/python2.1/dataset/tiger/0908.jpg	tiger	0	320	480	3	460800
908	/Users/margogusarova/PycharmProjects/python2.1/dataset/tiger/0909.jpg	tiger	0	320	427	3	409920
909	/Users/margogusarova/PycharmProjects/python2.1/dataset/tiger/0910.jpg	tiger	0	320	267	3	256320
910	/Users/margogusarova/PycharmProjects/python2.1/dataset/tiger/0911.jpg	tiger	0	319	480	3	459360
911	/Users/margogusarova/PycharmProjects/python2.1/dataset/tiger/0912.jpg	tiger	0	320	462	3	443520
912	/Users/margogusarova/PycharmProjects/python2.1/dataset/tiger/0913.jpg	tiger	0	200	400	3	240000
913	/Users/margogusarova/PycharmProjects/python2.1/dataset/tiger/0914.jpg	tiger	0	200	400	3	240000
914	/Users/margogusarova/PycharmProjects/python2.1/dataset/tiger/0915.jpg	tiger	0	200	400	3	240000
915	/Users/margogusarova/PycharmProjects/python2.1/dataset/tiger/0916.jpg	tiger	0	200	400	3	240000
916	/Users/margogusarova/PycharmProjects/python2.1/dataset/tiger/0917.jpg	tiger	0	200	400	3	240000
917	/Users/margogusarova/PycharmProjects/python2.1/dataset/tiger/0918.jpg	tiger	0	200	400	3	240000
918	/Users/margogusarova/PycharmProjects/python2.1/dataset/tiger/0919.jpg	tiger	0	200	400	3	240000
919	/Users/margogusarova/PycharmProjects/python2.1/dataset/tiger/0920.jpg	tiger	0	200	400	3	240000
920	/Users/margogusarova/PycharmProjects/python2.1/dataset/tiger/0921.jpg	tiger	0	200	400	3	240000
921	/Users/margogusarova/PycharmProjects/python2.1/dataset/tiger/0922.jpg	tiger	0	200	400	3	240000
922	/Users/margogusarova/PycharmProjects/python2.1/dataset/tiger/0923.jpg	tiger	0	200	400	3	240000
923	/Users/margogusarova/PycharmProjects/python2.1/dataset/tiger/0924.jpg	tiger	0	200	400	3	240000
924	/Users/margogusarova/PycharmProjects/python2.1/dataset/tiger/0925.jpg	tiger	0	320	480	3	460800
925	/Users/margogusarova/PycharmProjects/python2.1/dataset/tiger/0926.jpg	tiger	0	300	480	3	432000
926	/Users/margogusarova/PycharmProjects/python2.1/dataset/tiger/0927.jpg	tiger	0	320	480	3	460800
927	/Users/margogusarova/PycharmProjects/python2.1/dataset/tiger/0928.jpg	tiger	0	320	427	3	409920
928	/Users/margogusarova/PycharmProjects/python2.1/dataset/tiger/0929.jpg	tiger	0	320	267	3	256320
929	/Users/margogusarova/PycharmProjects/python2.1/dataset/tiger/0930.jpg	tiger	0	319	480	3	459360
930	/Users/margogusarova/PycharmProjects/python2.1/dataset/tiger/0931.jpg	tiger	0	320	462	3	443520
931	/Users/margogusarova/PycharmProjects/python2.1/dataset/tiger/0932.jpg	tiger	0	320	273	3	262080
932	/Users/margogusarova/PycharmProjects/python2.1/dataset/tiger/0933.jpg	tiger	0	300	480	3	432000
933	/Users/margogusarova/PycharmProjects/python2.1/dataset/tiger/0934.jpg	tiger	0	320	480	3	460800
934	/Users/margogusarova/PycharmProjects/python2.1/dataset/tiger/0935.jpg	tiger	0	320	320	3	307200
935	/Users/margogusarova/PycharmProjects/python2.1/dataset/tiger/0936.jpg	tiger	0	300	480	3	432000
936	/Users/margogusarova/PycharmProjects/python2.1/dataset/tiger/0937.jpg	tiger	0	320	427	3	409920
937	/Users/margogusarova/PycharmProjects/python2.1/dataset/tiger/0938.jpg	tiger	0	289	480	3	416160
938	/Users/margogusarova/PycharmProjects/python2.1/dataset/tiger/0939.jpg	tiger	0	300	480	3	432000
939	/Users/margogusarova/PycharmProjects/python2.1/dataset/tiger/0940.jpg	tiger	0	300	480	3	432000
940	/Users/margogusarova/PycharmProjects/python2.1/dataset/tiger/0941.jpg	tiger	0	320	480	3	460800
941	/Users/margogusarova/PycharmProjects/python2.1/dataset/tiger/0942.jpg	tiger	0	320	480	3	460800
942	/Users/margogusarova/PycharmProjects/python2.1/dataset/tiger/0943.jpg	tiger	0	319	480	3	459360
943	/Users/margogusarova/PycharmProjects/python2.1/dataset/tiger/0944.jpg	tiger	0	270	480	3	388800
944	/Users/margogusarova/PycharmProjects/python2.1/dataset/tiger/0945.jpg	tiger	0	320	480	3	460800
945	/Users/margogusarova/PycharmProjects/python2.1/dataset/tiger/0946.jpg	tiger	0	320	480	3	460800
946	/Users/margogusarova/PycharmProjects/python2.1/dataset/tiger/0947.jpg	tiger	0	320	448	3	430080
947	/Users/margogusarova/PycharmProjects/python2.1/dataset/tiger/0948.jpg	tiger	0	320	427	3	409920
948	/Users/margogusarova/PycharmProjects/python2.1/dataset/tiger/0949.jpg	tiger	0	320	480	3	460800
949	/Users/margogusarova/PycharmProjects/python2.1/dataset/tiger/0950.jpg	tiger	0	270	480	3	388800
950	/Users/margogusarova/PycharmProjects/python2.1/dataset/tiger/0951.jpg	tiger	0	270	480	3	388800
951	/Users/margogusarova/PycharmProjects/python2.1/dataset/tiger/0952.jpg	tiger	0	320	480	3	460800
952	/Users/margogusarova/PycharmProjects/python2.1/dataset/tiger/0953.jpg	tiger	0	320	426	3	408960
953	/Users/margogusarova/PycharmProjects/python2.1/dataset/tiger/0954.jpg	tiger	0	300	480	3	432000
954	/Users/margogusarova/PycharmProjects/python2.1/dataset/tiger/0955.jpg	tiger	0	200	400	3	240000
955	/Users/margogusarova/PycharmProjects/python2.1/dataset/tiger/0956.jpg	tiger	0	200	400	3	240000
956	/Users/margogusarova/PycharmProjects/python2.1/dataset/tiger/0957.jpg	tiger	0	200	400	3	240000
957	/Users/margogusarova/PycharmProjects/python2.1/dataset/tiger/0958.jpg	tiger	0	200	400	3	240000
958	/Users/margogusarova/PycharmProjects/python2.1/dataset/tiger/0959.jpg	tiger	0	200	400	3	240000
959	/Users/margogusarova/PycharmProjects/python2.1/dataset/tiger/0960.jpg	tiger	0	200	400	3	240000
960	/Users/margogusarova/PycharmProjects/python2.1/dataset/tiger/0961.jpg	tiger	0	200	400	3	240000
961	/Users/margogusarova/PycharmProjects/python2.1/dataset/tiger/0962.jpg	tiger	0	200	400	3	240000
962	/Users/margogusarova/PycharmProjects/python2.1/dataset/tiger/0963.jpg	tiger	0	200	400	3	240000
963	/Users/margogusarova/PycharmProjects/python2.1/dataset/tiger/0964.jpg	tiger	0	200	400	3	240000
964	/Users/margogusarova/PycharmProjects/python2.1/dataset/tiger/0965.jpg	tiger	0	200	400	3	240000
965	/Users/margogusarova/PycharmProjects/python2.1/dataset/tiger/0966.jpg	tiger	0	200	400	3	240000
966	/Users/margogusarova/PycharmProjects/python2.1/dataset/tiger/0967.jpg	tiger	0	300	480	3	432000
967	/Users/margogusarova/PycharmProjects/python2.1/dataset/tiger/0968.jpg	tiger	0	320	480	3	460800
968	/Users/margogusarova/PycharmProjects/python2.1/dataset/tiger/0969.jpg	tiger	0	320	464	3	445440
969	/Users/margogusarova/PycharmProjects/python2.1/dataset/tiger/0970.jpg	tiger	0	300	480	3	432000
970	/Users/margogusarova/PycharmProjects/python2.1/dataset/tiger/0971.jpg	tiger	0	320	480	3	460800
971	/Users/margogusarova/PycharmProjects/python2.1/dataset/tiger/0972.jpg	tiger	0	320	480	3	460800
972	/Users/margogusarova/PycharmProjects/python2.1/dataset/tiger/0973.jpg	tiger	0	320	480	3	460800
973	/Users/margogusarova/PycharmProjects/python2.1/dataset/tiger/0974.jpg	tiger	0	320	480	3	460800
974	/Users/margogusarova/PycharmProjects/python2.1/dataset/tiger/0975.jpg	tiger	0	320	480	3	460800
975	/Users/margogusarova/PycharmProjects/python2.1/dataset/tiger/0976.jpg	tiger	0	320	480	3	460800
976	/Users/margogusarova/PycharmProjects/python2.1/dataset/tiger/0977.jpg	tiger	0	300	480	3	432000
977	/Users/margogusarova/PycharmProjects/python2.1/dataset/tiger/0978.jpg	tiger	0	320	400	3	384000
978	/Users/margogusarova/PycharmProjects/python2.1/dataset/tiger/0979.jpg	tiger	0	320	480	3	460800
979	/Users/margogusarova/PycharmProjects/python2.1/dataset/tiger/0980.jpg	tiger	0	320	480	3	460800
980	/Users/margogusarova/PycharmProjects/python2.1/dataset/tiger/0981.jpg	tiger	0	300	480	3	432000
981	/Users/margogusarova/PycharmProjects/python2.1/dataset/tiger/0982.jpg	tiger	0	320	480	3	460800
982	/Users/margogusarova/PycharmProjects/python2.1/dataset/tiger/0983.jpg	tiger	0	270	480	3	388800
983	/Users/margogusarova/PycharmProjects/python2.1/dataset/tiger/0984.jpg	tiger	0	320	448	3	430080
984	/Users/margogusarova/PycharmProjects/python2.1/dataset/tiger/0985.jpg	tiger	0	320	480	3	460800
985	/Users/margogusarova/PycharmProjects/python2.1/dataset/tiger/0986.jpg	tiger	0	270	480	3	388800
986	/Users/margogusarova/PycharmProjects/python2.1/dataset/tiger/0987.jpg	tiger	0	320	480	3	460800
987	/Users/margogusarova/PycharmProjects/python2.1/dataset/tiger/0988.jpg	tiger	0	300	480	3	432000
988	/Users/margogusarova/PycharmProjects/python2.1/dataset/tiger/0989.jpg	tiger	0	320	480	3	460800
989	/Users/margogusarova/PycharmProjects/python2.1/dataset/tiger/0990.jpg	tiger	0	320	213	3	204480
990	/Users/margogusarova/PycharmProjects/python2.1/dataset/tiger/0991.jpg	tiger	0	270	480	3	388800
991	/Users/margogusarova/PycharmProjects/python2.1/dataset/tiger/0992.jpg	tiger	0	320	480	3	460800
992	/Users/margogusarova/PycharmProjects/python2.1/dataset/tiger/0993.jpg	tiger	0	320	427	3	409920
993	/Users/margogusarova/PycharmProjects/python2.1/dataset/tiger/0994.jpg	tiger	0	320	480	3	460800
994	/Users/margogusarova/PycharmProjects/python2.1/dataset/tiger/0995.jpg	tiger	0	320	427	3	409920
995	/Users/margogusarova/PycharmProjects/python2.1/dataset/tiger/0996.jpg	tiger	0	300	480	3	432000
996	/Users/margogusarova/PycharmProjects/python2.1/dataset/tiger/0997.jpg	tiger	0	200	400	3	240000
997	/Users/margogusarova/PycharmProjects/python2.1/dataset/tiger/0998.jpg	tiger	0	200	400	3	240000
998	/Users/margogusarova/PycharmProjects/python2.1/dataset/tiger/0999.jpg	tiger	0	200	400	3	240000
999	/Users/margogusarova/PycharmProjects/python2.1/dataset/tiger/1000.jpg	tiger	0	320	480	3	460800
